,Name,Rating,URL,Reviews,Price
0,American Tourister 32 Ltrs Black Casual Backpack (AMT FIZZ SCH BAG 02 - BLACK),4.1 out of 5 stars,American Tourister 32 Ltrs Black Casual Backpack (AMT FIZZ SCH BAG 02 - BLACK),"(51,347)","1,299"
1,Wesley Milestone 2.0 Casual Waterproof Laptop Backpack/Office Bag/School Bag/College Bag/Business Bag/Travel Backpack (Dimensions:13x18 inches) (Compatible with 39.62cm(15.6inch laptop) 30 L (Blue & black),4.3 out of 5 stars,Wesley Milestone 2.0 Casual Waterproof Laptop Backpack/Office Bag/School Bag/College Bag/Business Bag/Travel Backpack (Dimensions:13x18 inches) (Compatible with 39.62cm(15.6inch laptop) 30 L (Blue & black),"(9,217)",565
2,Skybags Brat Black 46 Cms Casual Backpack,4.1 out of 5 stars,Skybags Brat Black 46 Cms Casual Backpack,"(3,364)",669
3,ADISA 15.6 inch Laptop Backpack Office Bag College Travel Back Pack 32 Ltrs (z-Navy Blue),3.9 out of 5 stars,ADISA 15.6 inch Laptop Backpack Office Bag College Travel Back Pack 32 Ltrs (z-Navy Blue),(461),499
4,AirCase C34- 13 Inch/ 14 Inch/15.6 Inch Premium Vegan Leather Laptop Backpack for Men & Women (Black)- 25 Ltrs,3.9 out of 5 stars,AirCase C34- 13 Inch/ 14 Inch/15.6 Inch Premium Vegan Leather Laptop Backpack for Men & Women (Black)- 25 Ltrs,(709),999
5,Wesley Spartan Unisex Travel Hiking Laptop Bag fits Upto 17.3 inch with Raincover and Internal Organiser Backpack Rucksack College Bag,4.1 out of 5 stars,Wesley Spartan Unisex Travel Hiking Laptop Bag fits Upto 17.3 inch with Raincover and Internal Organiser Backpack Rucksack College Bag,(911),798
6,"Mi Step Out 12 L Mini Backpack (Small Size, Black, Water Repellant)",4.1 out of 5 stars,"Mi Step Out 12 L Mini Backpack (Small Size, Black, Water Repellant)","(7,623)",356
7,"Safari Flash Casual Backpack, 26 ltr Water Resistant Travel Bags| Weight Polyester Bagpack for Men and Women, Spacious Shoulder Bag for College, Office, Travelling and Camping",3.9 out of 5 stars,"Safari Flash Casual Backpack, 26 ltr Water Resistant Travel Bags| Weight Polyester Bagpack for Men and Women, Spacious Shoulder Bag for College, Office, Travelling and Camping","(2,178)",699
8,Fur Jaden Brown Textured Leatherette Stylish & Spacious Weekender Duffle Bag for Travel,4.3 out of 5 stars,Fur Jaden Brown Textured Leatherette Stylish & Spacious Weekender Duffle Bag for Travel,"(5,313)",889
9,DEIN KLEIDER Men's Nylon Messenger Bag,4.0 out of 5 stars,DEIN KLEIDER Men's Nylon Messenger Bag,"(4,395)",349
10,Gear CarryOn 16L Foldable Water Resistant School Bag//Backpack/College Bag for Men/Women - Blue Black,3.7 out of 5 stars,Gear CarryOn 16L Foldable Water Resistant School Bag//Backpack/College Bag for Men/Women - Blue Black,"(5,920)",249
11,"Safari Spartan 21 Ltrs Water Resistant Backpack - Blue, S (SPARTAN19CBBLU)",3.8 out of 5 stars,"Safari Spartan 21 Ltrs Water Resistant Backpack - Blue, S (SPARTAN19CBBLU)",(627),599
12,ADISA Light Weight Laptop Backpack 32 Ltrs,4.0 out of 5 stars,ADISA Light Weight Laptop Backpack 32 Ltrs,"(5,545)",499
13,Half Moon Large 37L Laptop Bag Backpack for menं Women Boys and Girls Luggage Travel Bags with 17.3 inches Laptop Compartment & Rain Cover,3.9 out of 5 stars,Half Moon Large 37L Laptop Bag Backpack for menं Women Boys and Girls Luggage Travel Bags with 17.3 inches Laptop Compartment & Rain Cover,"(2,123)",849
14,Bennett™ Mystic Formal Business Briefcase Bag Crossbody Messenger College Bags For Men Women MacBook INoteBook ITablet Laptop Upto 15.6 Inch | Handbags with Shoulder Straps (Blue) 6 Months Warranty,4.1 out of 5 stars,Bennett™ Mystic Formal Business Briefcase Bag Crossbody Messenger College Bags For Men Women MacBook INoteBook ITablet Laptop Upto 15.6 Inch | Handbags with Shoulder Straps (Blue) 6 Months Warranty,"(4,859)",512
15,"INOVERA Faux Leather Women Handbags Shoulder Hobo Bag Purse With Long Strap, 32L x 13B x 30H cm",4.1 out of 5 stars,"INOVERA Faux Leather Women Handbags Shoulder Hobo Bag Purse With Long Strap, 32L x 13B x 30H cm","(6,794)","1,399"
16,American Tourister 32 Ltrs Black Casual Backpack (AMT FIZZ SCH BAG 02 - BLACK),4.1 out of 5 stars,American Tourister 32 Ltrs Black Casual Backpack (AMT FIZZ SCH BAG 02 - BLACK),"51,347","1,299"
17,Wesley Milestone 2.0 Casual Waterproof Laptop Backpack/Office Bag/School Bag/College Bag/Business Bag/Travel Backpack (Dimensions:13x18 inches) (Compatible with 39.62cm(15.6inch laptop) 30 L (Blue & black),4.3 out of 5 stars,Wesley Milestone 2.0 Casual Waterproof Laptop Backpack/Office Bag/School Bag/College Bag/Business Bag/Travel Backpack (Dimensions:13x18 inches) (Compatible with 39.62cm(15.6inch laptop) 30 L (Blue & black),"9,217",565
18,Skybags Brat Black 46 Cms Casual Backpack,4.1 out of 5 stars,Skybags Brat Black 46 Cms Casual Backpack,"3,364",669
19,ADISA 15.6 inch Laptop Backpack Office Bag College Travel Back Pack 32 Ltrs (z-Navy Blue),3.9 out of 5 stars,ADISA 15.6 inch Laptop Backpack Office Bag College Travel Back Pack 32 Ltrs (z-Navy Blue),461,499
20,AirCase C34- 13 Inch/ 14 Inch/15.6 Inch Premium Vegan Leather Laptop Backpack for Men & Women (Black)- 25 Ltrs,3.9 out of 5 stars,AirCase C34- 13 Inch/ 14 Inch/15.6 Inch Premium Vegan Leather Laptop Backpack for Men & Women (Black)- 25 Ltrs,709,999
21,"Mi Step Out 12 L Mini Backpack (Small Size, Black, Water Repellant)",4.1 out of 5 stars,"Mi Step Out 12 L Mini Backpack (Small Size, Black, Water Repellant)","7,623",356
22,"Safari Flash Casual Backpack, 26 ltr Water Resistant Travel Bags| Weight Polyester Bagpack for Men and Women, Spacious Shoulder Bag for College, Office, Travelling and Camping",3.9 out of 5 stars,"Safari Flash Casual Backpack, 26 ltr Water Resistant Travel Bags| Weight Polyester Bagpack for Men and Women, Spacious Shoulder Bag for College, Office, Travelling and Camping","2,178",699
23,Wesley Spartan Unisex Travel Hiking Laptop Bag fits Upto 17.3 inch with Raincover and Internal Organiser Backpack Rucksack College Bag,4.1 out of 5 stars,Wesley Spartan Unisex Travel Hiking Laptop Bag fits Upto 17.3 inch with Raincover and Internal Organiser Backpack Rucksack College Bag,911,798
24,Fur Jaden Brown Textured Leatherette Stylish & Spacious Weekender Duffle Bag for Travel,4.3 out of 5 stars,Fur Jaden Brown Textured Leatherette Stylish & Spacious Weekender Duffle Bag for Travel,"5,313",889
25,DEIN KLEIDER Men's Nylon Messenger Bag,4.0 out of 5 stars,DEIN KLEIDER Men's Nylon Messenger Bag,"4,395",349
26,Gear CarryOn 16L Foldable Water Resistant School Bag//Backpack/College Bag for Men/Women - Blue Black,3.7 out of 5 stars,Gear CarryOn 16L Foldable Water Resistant School Bag//Backpack/College Bag for Men/Women - Blue Black,"5,920",249
27,"Safari Spartan 21 Ltrs Water Resistant Backpack - Blue, S (SPARTAN19CBBLU)",3.8 out of 5 stars,"Safari Spartan 21 Ltrs Water Resistant Backpack - Blue, S (SPARTAN19CBBLU)",627,599
28,Half Moon Large 37L Laptop Bag Backpack for menं Women Boys and Girls Luggage Travel Bags with 17.3 inches Laptop Compartment & Rain Cover,3.9 out of 5 stars,Half Moon Large 37L Laptop Bag Backpack for menं Women Boys and Girls Luggage Travel Bags with 17.3 inches Laptop Compartment & Rain Cover,"2,123",849
29,ADISA Light Weight Laptop Backpack 32 Ltrs,4.0 out of 5 stars,ADISA Light Weight Laptop Backpack 32 Ltrs,"5,545",499
30,ADISA Laptop Backpack 31 Ltrs,4.0 out of 5 stars,ADISA Laptop Backpack 31 Ltrs,"8,989",499
31,"Wesley Unisex Milestone Casual Waterproof Laptop Office School College Business Travel Backpack 25 L (Dimensions: 12.5x18 inches) (Compatible with 15.6 inch laptops), Navy Blue",4.3 out of 5 stars,"Wesley Unisex Milestone Casual Waterproof Laptop Office School College Business Travel Backpack 25 L (Dimensions: 12.5x18 inches) (Compatible with 15.6 inch laptops), Navy Blue","12,103",498
32,American Tourister 32 Ltrs Black Casual Backpack (AMT FIZZ SCH BAG 02 - BLACK),4.1 out of 5 stars,American Tourister 32 Ltrs Black Casual Backpack (AMT FIZZ SCH BAG 02 - BLACK),"51,347","1,299"
33,Wesley Milestone 2.0 Casual Waterproof Laptop Backpack/Office Bag/School Bag/College Bag/Business Bag/Travel Backpack (Dimensions:13x18 inches) (Compatible with 39.62cm(15.6inch laptop) 30 L (Blue & black),4.3 out of 5 stars,Wesley Milestone 2.0 Casual Waterproof Laptop Backpack/Office Bag/School Bag/College Bag/Business Bag/Travel Backpack (Dimensions:13x18 inches) (Compatible with 39.62cm(15.6inch laptop) 30 L (Blue & black),"9,217",565
34,Skybags Brat Black 46 Cms Casual Backpack,4.1 out of 5 stars,Skybags Brat Black 46 Cms Casual Backpack,"3,364",669
35,ADISA 15.6 inch Laptop Backpack Office Bag College Travel Back Pack 32 Ltrs (z-Navy Blue),3.9 out of 5 stars,ADISA 15.6 inch Laptop Backpack Office Bag College Travel Back Pack 32 Ltrs (z-Navy Blue),461,499
36,AirCase C34- 13 Inch/ 14 Inch/15.6 Inch Premium Vegan Leather Laptop Backpack for Men & Women (Black)- 25 Ltrs,3.9 out of 5 stars,AirCase C34- 13 Inch/ 14 Inch/15.6 Inch Premium Vegan Leather Laptop Backpack for Men & Women (Black)- 25 Ltrs,709,999
37,"Mi Step Out 12 L Mini Backpack (Small Size, Black, Water Repellant)",4.1 out of 5 stars,"Mi Step Out 12 L Mini Backpack (Small Size, Black, Water Repellant)","7,623",356
38,"Safari Flash Casual Backpack, 26 ltr Water Resistant Travel Bags| Weight Polyester Bagpack for Men and Women, Spacious Shoulder Bag for College, Office, Travelling and Camping",3.9 out of 5 stars,"Safari Flash Casual Backpack, 26 ltr Water Resistant Travel Bags| Weight Polyester Bagpack for Men and Women, Spacious Shoulder Bag for College, Office, Travelling and Camping","2,178",699
39,Wesley Spartan Unisex Travel Hiking Laptop Bag fits Upto 17.3 inch with Raincover and Internal Organiser Backpack Rucksack College Bag,4.1 out of 5 stars,Wesley Spartan Unisex Travel Hiking Laptop Bag fits Upto 17.3 inch with Raincover and Internal Organiser Backpack Rucksack College Bag,911,798
40,Fur Jaden Brown Textured Leatherette Stylish & Spacious Weekender Duffle Bag for Travel,4.3 out of 5 stars,Fur Jaden Brown Textured Leatherette Stylish & Spacious Weekender Duffle Bag for Travel,"5,313",889
41,DEIN KLEIDER Men's Nylon Messenger Bag,4.0 out of 5 stars,DEIN KLEIDER Men's Nylon Messenger Bag,"4,395",349
42,Gear CarryOn 16L Foldable Water Resistant School Bag//Backpack/College Bag for Men/Women - Blue Black,3.7 out of 5 stars,Gear CarryOn 16L Foldable Water Resistant School Bag//Backpack/College Bag for Men/Women - Blue Black,"5,920",249
43,"Safari Spartan 21 Ltrs Water Resistant Backpack - Blue, S (SPARTAN19CBBLU)",3.8 out of 5 stars,"Safari Spartan 21 Ltrs Water Resistant Backpack - Blue, S (SPARTAN19CBBLU)",627,599
44,Half Moon Large 37L Laptop Bag Backpack for menं Women Boys and Girls Luggage Travel Bags with 17.3 inches Laptop Compartment & Rain Cover,3.9 out of 5 stars,Half Moon Large 37L Laptop Bag Backpack for menं Women Boys and Girls Luggage Travel Bags with 17.3 inches Laptop Compartment & Rain Cover,"2,123",849
45,ADISA Light Weight Laptop Backpack 32 Ltrs,4.0 out of 5 stars,ADISA Light Weight Laptop Backpack 32 Ltrs,"5,545",499
46,ADISA Laptop Backpack 31 Ltrs,4.0 out of 5 stars,ADISA Laptop Backpack 31 Ltrs,"8,989",499
47,"Wesley Unisex Milestone Casual Waterproof Laptop Office School College Business Travel Backpack 25 L (Dimensions: 12.5x18 inches) (Compatible with 15.6 inch laptops), Navy Blue",4.3 out of 5 stars,"Wesley Unisex Milestone Casual Waterproof Laptop Office School College Business Travel Backpack 25 L (Dimensions: 12.5x18 inches) (Compatible with 15.6 inch laptops), Navy Blue","12,103",498
48,American Tourister 32 Ltrs Black Casual Backpack (AMT FIZZ SCH BAG 02 - BLACK),4.1 out of 5 stars,American Tourister 32 Ltrs Black Casual Backpack (AMT FIZZ SCH BAG 02 - BLACK),"51,347","1,299"
49,Wesley Milestone 2.0 Casual Waterproof Laptop Backpack/Office Bag/School Bag/College Bag/Business Bag/Travel Backpack (Dimensions:13x18 inches) (Compatible with 39.62cm(15.6inch laptop) 30 L (Blue & black),4.3 out of 5 stars,Wesley Milestone 2.0 Casual Waterproof Laptop Backpack/Office Bag/School Bag/College Bag/Business Bag/Travel Backpack (Dimensions:13x18 inches) (Compatible with 39.62cm(15.6inch laptop) 30 L (Blue & black),"9,217",565
50,Skybags Brat Black 46 Cms Casual Backpack,4.1 out of 5 stars,Skybags Brat Black 46 Cms Casual Backpack,"3,364",669
51,ADISA 15.6 inch Laptop Backpack Office Bag College Travel Back Pack 32 Ltrs (z-Navy Blue),3.9 out of 5 stars,ADISA 15.6 inch Laptop Backpack Office Bag College Travel Back Pack 32 Ltrs (z-Navy Blue),461,499
52,AirCase C34- 13 Inch/ 14 Inch/15.6 Inch Premium Vegan Leather Laptop Backpack for Men & Women (Black)- 25 Ltrs,3.9 out of 5 stars,AirCase C34- 13 Inch/ 14 Inch/15.6 Inch Premium Vegan Leather Laptop Backpack for Men & Women (Black)- 25 Ltrs,709,999
53,Wesley Spartan Unisex Travel Hiking Laptop Bag fits Upto 17.3 inch with Raincover and Internal Organiser Backpack Rucksack College Bag,4.1 out of 5 stars,Wesley Spartan Unisex Travel Hiking Laptop Bag fits Upto 17.3 inch with Raincover and Internal Organiser Backpack Rucksack College Bag,911,798
54,"Mi Step Out 12 L Mini Backpack (Small Size, Black, Water Repellant)",4.1 out of 5 stars,"Mi Step Out 12 L Mini Backpack (Small Size, Black, Water Repellant)","7,623",356
55,"Safari Flash Casual Backpack, 26 ltr Water Resistant Travel Bags| Weight Polyester Bagpack for Men and Women, Spacious Shoulder Bag for College, Office, Travelling and Camping",3.9 out of 5 stars,"Safari Flash Casual Backpack, 26 ltr Water Resistant Travel Bags| Weight Polyester Bagpack for Men and Women, Spacious Shoulder Bag for College, Office, Travelling and Camping","2,178",699
56,Fur Jaden Brown Textured Leatherette Stylish & Spacious Weekender Duffle Bag for Travel,4.3 out of 5 stars,Fur Jaden Brown Textured Leatherette Stylish & Spacious Weekender Duffle Bag for Travel,"5,313",889
57,DEIN KLEIDER Men's Nylon Messenger Bag,4.0 out of 5 stars,DEIN KLEIDER Men's Nylon Messenger Bag,"4,395",349
58,Gear CarryOn 16L Foldable Water Resistant School Bag//Backpack/College Bag for Men/Women - Blue Black,3.7 out of 5 stars,Gear CarryOn 16L Foldable Water Resistant School Bag//Backpack/College Bag for Men/Women - Blue Black,"5,920",249
59,"Safari Spartan 21 Ltrs Water Resistant Backpack - Blue, S (SPARTAN19CBBLU)",3.8 out of 5 stars,"Safari Spartan 21 Ltrs Water Resistant Backpack - Blue, S (SPARTAN19CBBLU)",627,599
60,ADISA Light Weight Laptop Backpack 32 Ltrs,4.0 out of 5 stars,ADISA Light Weight Laptop Backpack 32 Ltrs,"5,545",499
61,Half Moon Large 37L Laptop Bag Backpack for menं Women Boys and Girls Luggage Travel Bags with 17.3 inches Laptop Compartment & Rain Cover,3.9 out of 5 stars,Half Moon Large 37L Laptop Bag Backpack for menं Women Boys and Girls Luggage Travel Bags with 17.3 inches Laptop Compartment & Rain Cover,"2,123",849
62,Bennett™ Mystic Formal Business Briefcase Bag Crossbody Messenger College Bags For Men Women MacBook INoteBook ITablet Laptop Upto 15.6 Inch | Handbags with Shoulder Straps (Blue) 6 Months Warranty,4.1 out of 5 stars,Bennett™ Mystic Formal Business Briefcase Bag Crossbody Messenger College Bags For Men Women MacBook INoteBook ITablet Laptop Upto 15.6 Inch | Handbags with Shoulder Straps (Blue) 6 Months Warranty,"4,859",512
63,"INOVERA Faux Leather Women Handbags Shoulder Hobo Bag Purse With Long Strap, 32L x 13B x 30H cm",4.1 out of 5 stars,"INOVERA Faux Leather Women Handbags Shoulder Hobo Bag Purse With Long Strap, 32L x 13B x 30H cm","6,794","1,399"
64,American Tourister 32 Ltrs Black Casual Backpack (AMT FIZZ SCH BAG 02 - BLACK),4.1 out of 5 stars,American Tourister 32 Ltrs Black Casual Backpack (AMT FIZZ SCH BAG 02 - BLACK),"51,347","1,299"
65,Wesley Milestone 2.0 Casual Waterproof Laptop Backpack/Office Bag/School Bag/College Bag/Business Bag/Travel Backpack (Dimensions:13x18 inches) (Compatible with 39.62cm(15.6inch laptop) 30 L (Blue & black),4.3 out of 5 stars,Wesley Milestone 2.0 Casual Waterproof Laptop Backpack/Office Bag/School Bag/College Bag/Business Bag/Travel Backpack (Dimensions:13x18 inches) (Compatible with 39.62cm(15.6inch laptop) 30 L (Blue & black),"9,217",565
66,Skybags Brat Black 46 Cms Casual Backpack,4.1 out of 5 stars,Skybags Brat Black 46 Cms Casual Backpack,"3,364",669
67,ADISA 15.6 inch Laptop Backpack Office Bag College Travel Back Pack 32 Ltrs (z-Navy Blue),3.9 out of 5 stars,ADISA 15.6 inch Laptop Backpack Office Bag College Travel Back Pack 32 Ltrs (z-Navy Blue),461,499
68,AirCase C34- 13 Inch/ 14 Inch/15.6 Inch Premium Vegan Leather Laptop Backpack for Men & Women (Black)- 25 Ltrs,3.9 out of 5 stars,AirCase C34- 13 Inch/ 14 Inch/15.6 Inch Premium Vegan Leather Laptop Backpack for Men & Women (Black)- 25 Ltrs,709,999
69,Wesley Spartan Unisex Travel Hiking Laptop Bag fits Upto 17.3 inch with Raincover and Internal Organiser Backpack Rucksack College Bag,4.1 out of 5 stars,Wesley Spartan Unisex Travel Hiking Laptop Bag fits Upto 17.3 inch with Raincover and Internal Organiser Backpack Rucksack College Bag,911,798
70,"Mi Step Out 12 L Mini Backpack (Small Size, Black, Water Repellant)",4.1 out of 5 stars,"Mi Step Out 12 L Mini Backpack (Small Size, Black, Water Repellant)","7,623",356
71,"Safari Flash Casual Backpack, 26 ltr Water Resistant Travel Bags| Weight Polyester Bagpack for Men and Women, Spacious Shoulder Bag for College, Office, Travelling and Camping",3.9 out of 5 stars,"Safari Flash Casual Backpack, 26 ltr Water Resistant Travel Bags| Weight Polyester Bagpack for Men and Women, Spacious Shoulder Bag for College, Office, Travelling and Camping","2,178",699
72,Fur Jaden Brown Textured Leatherette Stylish & Spacious Weekender Duffle Bag for Travel,4.3 out of 5 stars,Fur Jaden Brown Textured Leatherette Stylish & Spacious Weekender Duffle Bag for Travel,"5,313",889
73,DEIN KLEIDER Men's Nylon Messenger Bag,4.0 out of 5 stars,DEIN KLEIDER Men's Nylon Messenger Bag,"4,395",349
74,Gear CarryOn 16L Foldable Water Resistant School Bag//Backpack/College Bag for Men/Women - Blue Black,3.7 out of 5 stars,Gear CarryOn 16L Foldable Water Resistant School Bag//Backpack/College Bag for Men/Women - Blue Black,"5,920",249
75,"Safari Spartan 21 Ltrs Water Resistant Backpack - Blue, S (SPARTAN19CBBLU)",3.8 out of 5 stars,"Safari Spartan 21 Ltrs Water Resistant Backpack - Blue, S (SPARTAN19CBBLU)",627,599
76,ADISA Light Weight Laptop Backpack 32 Ltrs,4.0 out of 5 stars,ADISA Light Weight Laptop Backpack 32 Ltrs,"5,545",499
77,Half Moon Large 37L Laptop Bag Backpack for menं Women Boys and Girls Luggage Travel Bags with 17.3 inches Laptop Compartment & Rain Cover,3.9 out of 5 stars,Half Moon Large 37L Laptop Bag Backpack for menं Women Boys and Girls Luggage Travel Bags with 17.3 inches Laptop Compartment & Rain Cover,"2,123",849
78,Bennett™ Mystic Formal Business Briefcase Bag Crossbody Messenger College Bags For Men Women MacBook INoteBook ITablet Laptop Upto 15.6 Inch | Handbags with Shoulder Straps (Blue) 6 Months Warranty,4.1 out of 5 stars,Bennett™ Mystic Formal Business Briefcase Bag Crossbody Messenger College Bags For Men Women MacBook INoteBook ITablet Laptop Upto 15.6 Inch | Handbags with Shoulder Straps (Blue) 6 Months Warranty,"4,859",512
79,"INOVERA Faux Leather Women Handbags Shoulder Hobo Bag Purse With Long Strap, 32L x 13B x 30H cm",4.1 out of 5 stars,"INOVERA Faux Leather Women Handbags Shoulder Hobo Bag Purse With Long Strap, 32L x 13B x 30H cm","6,794","1,399"
80,American Tourister 32 Ltrs Black Casual Backpack (AMT FIZZ SCH BAG 02 - BLACK),4.1 out of 5 stars,American Tourister 32 Ltrs Black Casual Backpack (AMT FIZZ SCH BAG 02 - BLACK),"51,347","1,299"
81,Wesley Milestone 2.0 Casual Waterproof Laptop Backpack/Office Bag/School Bag/College Bag/Business Bag/Travel Backpack (Dimensions:13x18 inches) (Compatible with 39.62cm(15.6inch laptop) 30 L (Blue & black),4.3 out of 5 stars,Wesley Milestone 2.0 Casual Waterproof Laptop Backpack/Office Bag/School Bag/College Bag/Business Bag/Travel Backpack (Dimensions:13x18 inches) (Compatible with 39.62cm(15.6inch laptop) 30 L (Blue & black),"9,217",565
82,Skybags Brat Black 46 Cms Casual Backpack,4.1 out of 5 stars,Skybags Brat Black 46 Cms Casual Backpack,"3,364",669
83,ADISA 15.6 inch Laptop Backpack Office Bag College Travel Back Pack 32 Ltrs (z-Navy Blue),3.9 out of 5 stars,ADISA 15.6 inch Laptop Backpack Office Bag College Travel Back Pack 32 Ltrs (z-Navy Blue),461,499
84,AirCase C34- 13 Inch/ 14 Inch/15.6 Inch Premium Vegan Leather Laptop Backpack for Men & Women (Black)- 25 Ltrs,3.9 out of 5 stars,AirCase C34- 13 Inch/ 14 Inch/15.6 Inch Premium Vegan Leather Laptop Backpack for Men & Women (Black)- 25 Ltrs,709,999
85,"Mi Step Out 12 L Mini Backpack (Small Size, Black, Water Repellant)",4.1 out of 5 stars,"Mi Step Out 12 L Mini Backpack (Small Size, Black, Water Repellant)","7,623",356
86,"Safari Flash Casual Backpack, 26 ltr Water Resistant Travel Bags| Weight Polyester Bagpack for Men and Women, Spacious Shoulder Bag for College, Office, Travelling and Camping",3.9 out of 5 stars,"Safari Flash Casual Backpack, 26 ltr Water Resistant Travel Bags| Weight Polyester Bagpack for Men and Women, Spacious Shoulder Bag for College, Office, Travelling and Camping","2,178",699
87,Wesley Spartan Unisex Travel Hiking Laptop Bag fits Upto 17.3 inch with Raincover and Internal Organiser Backpack Rucksack College Bag,4.1 out of 5 stars,Wesley Spartan Unisex Travel Hiking Laptop Bag fits Upto 17.3 inch with Raincover and Internal Organiser Backpack Rucksack College Bag,911,798
88,Fur Jaden Brown Textured Leatherette Stylish & Spacious Weekender Duffle Bag for Travel,4.3 out of 5 stars,Fur Jaden Brown Textured Leatherette Stylish & Spacious Weekender Duffle Bag for Travel,"5,313",889
89,DEIN KLEIDER Men's Nylon Messenger Bag,4.0 out of 5 stars,DEIN KLEIDER Men's Nylon Messenger Bag,"4,395",349
90,Gear CarryOn 16L Foldable Water Resistant School Bag//Backpack/College Bag for Men/Women - Blue Black,3.7 out of 5 stars,Gear CarryOn 16L Foldable Water Resistant School Bag//Backpack/College Bag for Men/Women - Blue Black,"5,920",249
91,"Safari Spartan 21 Ltrs Water Resistant Backpack - Blue, S (SPARTAN19CBBLU)",3.8 out of 5 stars,"Safari Spartan 21 Ltrs Water Resistant Backpack - Blue, S (SPARTAN19CBBLU)",627,599
92,Half Moon Large 37L Laptop Bag Backpack for menं Women Boys and Girls Luggage Travel Bags with 17.3 inches Laptop Compartment & Rain Cover,3.9 out of 5 stars,Half Moon Large 37L Laptop Bag Backpack for menं Women Boys and Girls Luggage Travel Bags with 17.3 inches Laptop Compartment & Rain Cover,"2,123",849
93,ADISA Light Weight Laptop Backpack 32 Ltrs,4.0 out of 5 stars,ADISA Light Weight Laptop Backpack 32 Ltrs,"5,545",499
94,ADISA Laptop Backpack 31 Ltrs,4.0 out of 5 stars,ADISA Laptop Backpack 31 Ltrs,"8,989",499
95,"Wesley Unisex Milestone Casual Waterproof Laptop Office School College Business Travel Backpack 25 L (Dimensions: 12.5x18 inches) (Compatible with 15.6 inch laptops), Navy Blue",4.3 out of 5 stars,"Wesley Unisex Milestone Casual Waterproof Laptop Office School College Business Travel Backpack 25 L (Dimensions: 12.5x18 inches) (Compatible with 15.6 inch laptops), Navy Blue","12,103",498
96,American Tourister 32 Ltrs Black Casual Backpack (AMT FIZZ SCH BAG 02 - BLACK),4.1 out of 5 stars,American Tourister 32 Ltrs Black Casual Backpack (AMT FIZZ SCH BAG 02 - BLACK),"51,347","1,299"
97,Wesley Milestone 2.0 Casual Waterproof Laptop Backpack/Office Bag/School Bag/College Bag/Business Bag/Travel Backpack (Dimensions:13x18 inches) (Compatible with 39.62cm(15.6inch laptop) 30 L (Blue & black),4.3 out of 5 stars,Wesley Milestone 2.0 Casual Waterproof Laptop Backpack/Office Bag/School Bag/College Bag/Business Bag/Travel Backpack (Dimensions:13x18 inches) (Compatible with 39.62cm(15.6inch laptop) 30 L (Blue & black),"9,217",565
98,Skybags Brat Black 46 Cms Casual Backpack,4.1 out of 5 stars,Skybags Brat Black 46 Cms Casual Backpack,"3,364",669
99,ADISA 15.6 inch Laptop Backpack Office Bag College Travel Back Pack 32 Ltrs (z-Navy Blue),3.9 out of 5 stars,ADISA 15.6 inch Laptop Backpack Office Bag College Travel Back Pack 32 Ltrs (z-Navy Blue),461,499
100,AirCase C34- 13 Inch/ 14 Inch/15.6 Inch Premium Vegan Leather Laptop Backpack for Men & Women (Black)- 25 Ltrs,3.9 out of 5 stars,AirCase C34- 13 Inch/ 14 Inch/15.6 Inch Premium Vegan Leather Laptop Backpack for Men & Women (Black)- 25 Ltrs,709,999
101,"Mi Step Out 12 L Mini Backpack (Small Size, Black, Water Repellant)",4.1 out of 5 stars,"Mi Step Out 12 L Mini Backpack (Small Size, Black, Water Repellant)","7,623",356
102,"Safari Flash Casual Backpack, 26 ltr Water Resistant Travel Bags| Weight Polyester Bagpack for Men and Women, Spacious Shoulder Bag for College, Office, Travelling and Camping",3.9 out of 5 stars,"Safari Flash Casual Backpack, 26 ltr Water Resistant Travel Bags| Weight Polyester Bagpack for Men and Women, Spacious Shoulder Bag for College, Office, Travelling and Camping","2,178",699
103,Wesley Spartan Unisex Travel Hiking Laptop Bag fits Upto 17.3 inch with Raincover and Internal Organiser Backpack Rucksack College Bag,4.1 out of 5 stars,Wesley Spartan Unisex Travel Hiking Laptop Bag fits Upto 17.3 inch with Raincover and Internal Organiser Backpack Rucksack College Bag,911,798
104,Fur Jaden Brown Textured Leatherette Stylish & Spacious Weekender Duffle Bag for Travel,4.3 out of 5 stars,Fur Jaden Brown Textured Leatherette Stylish & Spacious Weekender Duffle Bag for Travel,"5,313",889
105,DEIN KLEIDER Men's Nylon Messenger Bag,4.0 out of 5 stars,DEIN KLEIDER Men's Nylon Messenger Bag,"4,395",349
106,Gear CarryOn 16L Foldable Water Resistant School Bag//Backpack/College Bag for Men/Women - Blue Black,3.7 out of 5 stars,Gear CarryOn 16L Foldable Water Resistant School Bag//Backpack/College Bag for Men/Women - Blue Black,"5,920",249
107,"Safari Spartan 21 Ltrs Water Resistant Backpack - Blue, S (SPARTAN19CBBLU)",3.8 out of 5 stars,"Safari Spartan 21 Ltrs Water Resistant Backpack - Blue, S (SPARTAN19CBBLU)",627,599
108,Half Moon Large 37L Laptop Bag Backpack for menं Women Boys and Girls Luggage Travel Bags with 17.3 inches Laptop Compartment & Rain Cover,3.9 out of 5 stars,Half Moon Large 37L Laptop Bag Backpack for menं Women Boys and Girls Luggage Travel Bags with 17.3 inches Laptop Compartment & Rain Cover,"2,123",849
109,ADISA Light Weight Laptop Backpack 32 Ltrs,4.0 out of 5 stars,ADISA Light Weight Laptop Backpack 32 Ltrs,"5,545",499
110,ADISA Laptop Backpack 31 Ltrs,4.0 out of 5 stars,ADISA Laptop Backpack 31 Ltrs,"8,989",499
111,"Wesley Unisex Milestone Casual Waterproof Laptop Office School College Business Travel Backpack 25 L (Dimensions: 12.5x18 inches) (Compatible with 15.6 inch laptops), Navy Blue",4.3 out of 5 stars,"Wesley Unisex Milestone Casual Waterproof Laptop Office School College Business Travel Backpack 25 L (Dimensions: 12.5x18 inches) (Compatible with 15.6 inch laptops), Navy Blue","12,103",498
112,American Tourister 32 Ltrs Black Casual Backpack (AMT FIZZ SCH BAG 02 - BLACK),4.1 out of 5 stars,American Tourister 32 Ltrs Black Casual Backpack (AMT FIZZ SCH BAG 02 - BLACK),"51,347","1,299"
113,Wesley Milestone 2.0 Casual Waterproof Laptop Backpack/Office Bag/School Bag/College Bag/Business Bag/Travel Backpack (Dimensions:13x18 inches) (Compatible with 39.62cm(15.6inch laptop) 30 L (Blue & black),4.3 out of 5 stars,Wesley Milestone 2.0 Casual Waterproof Laptop Backpack/Office Bag/School Bag/College Bag/Business Bag/Travel Backpack (Dimensions:13x18 inches) (Compatible with 39.62cm(15.6inch laptop) 30 L (Blue & black),"9,217",565
114,Skybags Brat Black 46 Cms Casual Backpack,4.1 out of 5 stars,Skybags Brat Black 46 Cms Casual Backpack,"3,364",669
115,ADISA 15.6 inch Laptop Backpack Office Bag College Travel Back Pack 32 Ltrs (z-Navy Blue),3.9 out of 5 stars,ADISA 15.6 inch Laptop Backpack Office Bag College Travel Back Pack 32 Ltrs (z-Navy Blue),461,499
116,AirCase C34- 13 Inch/ 14 Inch/15.6 Inch Premium Vegan Leather Laptop Backpack for Men & Women (Black)- 25 Ltrs,3.9 out of 5 stars,AirCase C34- 13 Inch/ 14 Inch/15.6 Inch Premium Vegan Leather Laptop Backpack for Men & Women (Black)- 25 Ltrs,709,999
117,"Mi Step Out 12 L Mini Backpack (Small Size, Black, Water Repellant)",4.1 out of 5 stars,"Mi Step Out 12 L Mini Backpack (Small Size, Black, Water Repellant)","7,623",356
118,"Safari Flash Casual Backpack, 26 ltr Water Resistant Travel Bags| Weight Polyester Bagpack for Men and Women, Spacious Shoulder Bag for College, Office, Travelling and Camping",3.9 out of 5 stars,"Safari Flash Casual Backpack, 26 ltr Water Resistant Travel Bags| Weight Polyester Bagpack for Men and Women, Spacious Shoulder Bag for College, Office, Travelling and Camping","2,178",699
119,Wesley Spartan Unisex Travel Hiking Laptop Bag fits Upto 17.3 inch with Raincover and Internal Organiser Backpack Rucksack College Bag,4.1 out of 5 stars,Wesley Spartan Unisex Travel Hiking Laptop Bag fits Upto 17.3 inch with Raincover and Internal Organiser Backpack Rucksack College Bag,911,798
120,Fur Jaden Brown Textured Leatherette Stylish & Spacious Weekender Duffle Bag for Travel,4.3 out of 5 stars,Fur Jaden Brown Textured Leatherette Stylish & Spacious Weekender Duffle Bag for Travel,"5,313",889
121,DEIN KLEIDER Men's Nylon Messenger Bag,4.0 out of 5 stars,DEIN KLEIDER Men's Nylon Messenger Bag,"4,395",349
122,Gear CarryOn 16L Foldable Water Resistant School Bag//Backpack/College Bag for Men/Women - Blue Black,3.7 out of 5 stars,Gear CarryOn 16L Foldable Water Resistant School Bag//Backpack/College Bag for Men/Women - Blue Black,"5,920",249
123,"Safari Spartan 21 Ltrs Water Resistant Backpack - Blue, S (SPARTAN19CBBLU)",3.8 out of 5 stars,"Safari Spartan 21 Ltrs Water Resistant Backpack - Blue, S (SPARTAN19CBBLU)",627,599
124,Half Moon Large 37L Laptop Bag Backpack for menं Women Boys and Girls Luggage Travel Bags with 17.3 inches Laptop Compartment & Rain Cover,3.9 out of 5 stars,Half Moon Large 37L Laptop Bag Backpack for menं Women Boys and Girls Luggage Travel Bags with 17.3 inches Laptop Compartment & Rain Cover,"2,123",849
125,ADISA Light Weight Laptop Backpack 32 Ltrs,4.0 out of 5 stars,ADISA Light Weight Laptop Backpack 32 Ltrs,"5,545",499
126,ADISA Laptop Backpack 31 Ltrs,4.0 out of 5 stars,ADISA Laptop Backpack 31 Ltrs,"8,989",499
127,"Wesley Unisex Milestone Casual Waterproof Laptop Office School College Business Travel Backpack 25 L (Dimensions: 12.5x18 inches) (Compatible with 15.6 inch laptops), Navy Blue",4.3 out of 5 stars,"Wesley Unisex Milestone Casual Waterproof Laptop Office School College Business Travel Backpack 25 L (Dimensions: 12.5x18 inches) (Compatible with 15.6 inch laptops), Navy Blue","12,103",498
128,American Tourister 32 Ltrs Black Casual Backpack (AMT FIZZ SCH BAG 02 - BLACK),4.1 out of 5 stars,American Tourister 32 Ltrs Black Casual Backpack (AMT FIZZ SCH BAG 02 - BLACK),"(51,347)","1,299"
129,Wesley Milestone 2.0 Casual Waterproof Laptop Backpack/Office Bag/School Bag/College Bag/Business Bag/Travel Backpack (Dimensions:13x18 inches) (Compatible with 39.62cm(15.6inch laptop) 30 L (Blue & black),4.3 out of 5 stars,Wesley Milestone 2.0 Casual Waterproof Laptop Backpack/Office Bag/School Bag/College Bag/Business Bag/Travel Backpack (Dimensions:13x18 inches) (Compatible with 39.62cm(15.6inch laptop) 30 L (Blue & black),"(9,217)",565
130,Skybags Brat Black 46 Cms Casual Backpack,4.1 out of 5 stars,Skybags Brat Black 46 Cms Casual Backpack,"(3,364)",669
131,ADISA 15.6 inch Laptop Backpack Office Bag College Travel Back Pack 32 Ltrs (z-Navy Blue),3.9 out of 5 stars,ADISA 15.6 inch Laptop Backpack Office Bag College Travel Back Pack 32 Ltrs (z-Navy Blue),(461),499
132,AirCase C34- 13 Inch/ 14 Inch/15.6 Inch Premium Vegan Leather Laptop Backpack for Men & Women (Black)- 25 Ltrs,3.9 out of 5 stars,AirCase C34- 13 Inch/ 14 Inch/15.6 Inch Premium Vegan Leather Laptop Backpack for Men & Women (Black)- 25 Ltrs,(709),999
133,"Mi Step Out 12 L Mini Backpack (Small Size, Black, Water Repellant)",4.1 out of 5 stars,"Mi Step Out 12 L Mini Backpack (Small Size, Black, Water Repellant)","(7,623)",356
134,"Safari Flash Casual Backpack, 26 ltr Water Resistant Travel Bags| Weight Polyester Bagpack for Men and Women, Spacious Shoulder Bag for College, Office, Travelling and Camping",3.9 out of 5 stars,"Safari Flash Casual Backpack, 26 ltr Water Resistant Travel Bags| Weight Polyester Bagpack for Men and Women, Spacious Shoulder Bag for College, Office, Travelling and Camping","(2,178)",699
135,Wesley Spartan Unisex Travel Hiking Laptop Bag fits Upto 17.3 inch with Raincover and Internal Organiser Backpack Rucksack College Bag,4.1 out of 5 stars,Wesley Spartan Unisex Travel Hiking Laptop Bag fits Upto 17.3 inch with Raincover and Internal Organiser Backpack Rucksack College Bag,(911),798
136,Fur Jaden Brown Textured Leatherette Stylish & Spacious Weekender Duffle Bag for Travel,4.3 out of 5 stars,Fur Jaden Brown Textured Leatherette Stylish & Spacious Weekender Duffle Bag for Travel,"(5,313)",889
137,DEIN KLEIDER Men's Nylon Messenger Bag,4.0 out of 5 stars,DEIN KLEIDER Men's Nylon Messenger Bag,"(4,395)",349
138,Gear CarryOn 16L Foldable Water Resistant School Bag//Backpack/College Bag for Men/Women - Blue Black,3.7 out of 5 stars,Gear CarryOn 16L Foldable Water Resistant School Bag//Backpack/College Bag for Men/Women - Blue Black,"(5,920)",249
139,"Safari Spartan 21 Ltrs Water Resistant Backpack - Blue, S (SPARTAN19CBBLU)",3.8 out of 5 stars,"Safari Spartan 21 Ltrs Water Resistant Backpack - Blue, S (SPARTAN19CBBLU)",(627),599
140,Half Moon Large 37L Laptop Bag Backpack for menं Women Boys and Girls Luggage Travel Bags with 17.3 inches Laptop Compartment & Rain Cover,3.9 out of 5 stars,Half Moon Large 37L Laptop Bag Backpack for menं Women Boys and Girls Luggage Travel Bags with 17.3 inches Laptop Compartment & Rain Cover,"(2,123)",849
141,ADISA Light Weight Laptop Backpack 32 Ltrs,4.0 out of 5 stars,ADISA Light Weight Laptop Backpack 32 Ltrs,"(5,545)",499
142,ADISA Laptop Backpack 31 Ltrs,4.0 out of 5 stars,ADISA Laptop Backpack 31 Ltrs,"(8,989)",499
143,"Wesley Unisex Milestone Casual Waterproof Laptop Office School College Business Travel Backpack 25 L (Dimensions: 12.5x18 inches) (Compatible with 15.6 inch laptops), Navy Blue",4.3 out of 5 stars,"Wesley Unisex Milestone Casual Waterproof Laptop Office School College Business Travel Backpack 25 L (Dimensions: 12.5x18 inches) (Compatible with 15.6 inch laptops), Navy Blue","(12,103)",498
144,American Tourister 32 Ltrs Black Casual Backpack (AMT FIZZ SCH BAG 02 - BLACK),4.1 out of 5 stars,American Tourister 32 Ltrs Black Casual Backpack (AMT FIZZ SCH BAG 02 - BLACK),"51,347","1,299"
145,Wesley Milestone 2.0 Casual Waterproof Laptop Backpack/Office Bag/School Bag/College Bag/Business Bag/Travel Backpack (Dimensions:13x18 inches) (Compatible with 39.62cm(15.6inch laptop) 30 L (Blue & black),4.3 out of 5 stars,Wesley Milestone 2.0 Casual Waterproof Laptop Backpack/Office Bag/School Bag/College Bag/Business Bag/Travel Backpack (Dimensions:13x18 inches) (Compatible with 39.62cm(15.6inch laptop) 30 L (Blue & black),"9,217",565
146,Skybags Brat Black 46 Cms Casual Backpack,4.1 out of 5 stars,Skybags Brat Black 46 Cms Casual Backpack,"3,364",669
147,ADISA 15.6 inch Laptop Backpack Office Bag College Travel Back Pack 32 Ltrs (z-Navy Blue),3.9 out of 5 stars,ADISA 15.6 inch Laptop Backpack Office Bag College Travel Back Pack 32 Ltrs (z-Navy Blue),461,499
148,AirCase C34- 13 Inch/ 14 Inch/15.6 Inch Premium Vegan Leather Laptop Backpack for Men & Women (Black)- 25 Ltrs,3.9 out of 5 stars,AirCase C34- 13 Inch/ 14 Inch/15.6 Inch Premium Vegan Leather Laptop Backpack for Men & Women (Black)- 25 Ltrs,709,999
149,Wesley Spartan Unisex Travel Hiking Laptop Bag fits Upto 17.3 inch with Raincover and Internal Organiser Backpack Rucksack College Bag,4.1 out of 5 stars,Wesley Spartan Unisex Travel Hiking Laptop Bag fits Upto 17.3 inch with Raincover and Internal Organiser Backpack Rucksack College Bag,911,798
150,"Mi Step Out 12 L Mini Backpack (Small Size, Black, Water Repellant)",4.1 out of 5 stars,"Mi Step Out 12 L Mini Backpack (Small Size, Black, Water Repellant)","7,623",356
151,"Safari Flash Casual Backpack, 26 ltr Water Resistant Travel Bags| Weight Polyester Bagpack for Men and Women, Spacious Shoulder Bag for College, Office, Travelling and Camping",3.9 out of 5 stars,"Safari Flash Casual Backpack, 26 ltr Water Resistant Travel Bags| Weight Polyester Bagpack for Men and Women, Spacious Shoulder Bag for College, Office, Travelling and Camping","2,178",699
152,Fur Jaden Brown Textured Leatherette Stylish & Spacious Weekender Duffle Bag for Travel,4.3 out of 5 stars,Fur Jaden Brown Textured Leatherette Stylish & Spacious Weekender Duffle Bag for Travel,"5,313",889
153,DEIN KLEIDER Men's Nylon Messenger Bag,4.0 out of 5 stars,DEIN KLEIDER Men's Nylon Messenger Bag,"4,395",349
154,Gear CarryOn 16L Foldable Water Resistant School Bag//Backpack/College Bag for Men/Women - Blue Black,3.7 out of 5 stars,Gear CarryOn 16L Foldable Water Resistant School Bag//Backpack/College Bag for Men/Women - Blue Black,"5,920",249
155,"Safari Spartan 21 Ltrs Water Resistant Backpack - Blue, S (SPARTAN19CBBLU)",3.8 out of 5 stars,"Safari Spartan 21 Ltrs Water Resistant Backpack - Blue, S (SPARTAN19CBBLU)",627,599
156,ADISA Light Weight Laptop Backpack 32 Ltrs,4.0 out of 5 stars,ADISA Light Weight Laptop Backpack 32 Ltrs,"5,545",499
157,Half Moon Large 37L Laptop Bag Backpack for menं Women Boys and Girls Luggage Travel Bags with 17.3 inches Laptop Compartment & Rain Cover,3.9 out of 5 stars,Half Moon Large 37L Laptop Bag Backpack for menं Women Boys and Girls Luggage Travel Bags with 17.3 inches Laptop Compartment & Rain Cover,"2,123",849
158,Bennett™ Mystic Formal Business Briefcase Bag Crossbody Messenger College Bags For Men Women MacBook INoteBook ITablet Laptop Upto 15.6 Inch | Handbags with Shoulder Straps (Blue) 6 Months Warranty,4.1 out of 5 stars,Bennett™ Mystic Formal Business Briefcase Bag Crossbody Messenger College Bags For Men Women MacBook INoteBook ITablet Laptop Upto 15.6 Inch | Handbags with Shoulder Straps (Blue) 6 Months Warranty,"4,859",512
159,"INOVERA Faux Leather Women Handbags Shoulder Hobo Bag Purse With Long Strap, 32L x 13B x 30H cm",4.1 out of 5 stars,"INOVERA Faux Leather Women Handbags Shoulder Hobo Bag Purse With Long Strap, 32L x 13B x 30H cm","6,794","1,399"
160,American Tourister 32 Ltrs Black Casual Backpack (AMT FIZZ SCH BAG 02 - BLACK),4.1 out of 5 stars,American Tourister 32 Ltrs Black Casual Backpack (AMT FIZZ SCH BAG 02 - BLACK),"51,347","1,299"
161,Wesley Milestone 2.0 Casual Waterproof Laptop Backpack/Office Bag/School Bag/College Bag/Business Bag/Travel Backpack (Dimensions:13x18 inches) (Compatible with 39.62cm(15.6inch laptop) 30 L (Blue & black),4.3 out of 5 stars,Wesley Milestone 2.0 Casual Waterproof Laptop Backpack/Office Bag/School Bag/College Bag/Business Bag/Travel Backpack (Dimensions:13x18 inches) (Compatible with 39.62cm(15.6inch laptop) 30 L (Blue & black),"9,217",565
162,Skybags Brat Black 46 Cms Casual Backpack,4.1 out of 5 stars,Skybags Brat Black 46 Cms Casual Backpack,"3,364",669
163,ADISA 15.6 inch Laptop Backpack Office Bag College Travel Back Pack 32 Ltrs (z-Navy Blue),3.9 out of 5 stars,ADISA 15.6 inch Laptop Backpack Office Bag College Travel Back Pack 32 Ltrs (z-Navy Blue),461,499
164,AirCase C34- 13 Inch/ 14 Inch/15.6 Inch Premium Vegan Leather Laptop Backpack for Men & Women (Black)- 25 Ltrs,3.9 out of 5 stars,AirCase C34- 13 Inch/ 14 Inch/15.6 Inch Premium Vegan Leather Laptop Backpack for Men & Women (Black)- 25 Ltrs,709,999
165,Wesley Spartan Unisex Travel Hiking Laptop Bag fits Upto 17.3 inch with Raincover and Internal Organiser Backpack Rucksack College Bag,4.1 out of 5 stars,Wesley Spartan Unisex Travel Hiking Laptop Bag fits Upto 17.3 inch with Raincover and Internal Organiser Backpack Rucksack College Bag,911,798
166,"Mi Step Out 12 L Mini Backpack (Small Size, Black, Water Repellant)",4.1 out of 5 stars,"Mi Step Out 12 L Mini Backpack (Small Size, Black, Water Repellant)","7,623",356
167,"Safari Flash Casual Backpack, 26 ltr Water Resistant Travel Bags| Weight Polyester Bagpack for Men and Women, Spacious Shoulder Bag for College, Office, Travelling and Camping",3.9 out of 5 stars,"Safari Flash Casual Backpack, 26 ltr Water Resistant Travel Bags| Weight Polyester Bagpack for Men and Women, Spacious Shoulder Bag for College, Office, Travelling and Camping","2,178",699
168,Fur Jaden Brown Textured Leatherette Stylish & Spacious Weekender Duffle Bag for Travel,4.3 out of 5 stars,Fur Jaden Brown Textured Leatherette Stylish & Spacious Weekender Duffle Bag for Travel,"5,313",889
169,DEIN KLEIDER Men's Nylon Messenger Bag,4.0 out of 5 stars,DEIN KLEIDER Men's Nylon Messenger Bag,"4,395",349
170,Gear CarryOn 16L Foldable Water Resistant School Bag//Backpack/College Bag for Men/Women - Blue Black,3.7 out of 5 stars,Gear CarryOn 16L Foldable Water Resistant School Bag//Backpack/College Bag for Men/Women - Blue Black,"5,920",249
171,"Safari Spartan 21 Ltrs Water Resistant Backpack - Blue, S (SPARTAN19CBBLU)",3.8 out of 5 stars,"Safari Spartan 21 Ltrs Water Resistant Backpack - Blue, S (SPARTAN19CBBLU)",627,599
172,ADISA Light Weight Laptop Backpack 32 Ltrs,4.0 out of 5 stars,ADISA Light Weight Laptop Backpack 32 Ltrs,"5,545",499
173,Half Moon Large 37L Laptop Bag Backpack for menं Women Boys and Girls Luggage Travel Bags with 17.3 inches Laptop Compartment & Rain Cover,3.9 out of 5 stars,Half Moon Large 37L Laptop Bag Backpack for menं Women Boys and Girls Luggage Travel Bags with 17.3 inches Laptop Compartment & Rain Cover,"2,123",849
174,Bennett™ Mystic Formal Business Briefcase Bag Crossbody Messenger College Bags For Men Women MacBook INoteBook ITablet Laptop Upto 15.6 Inch | Handbags with Shoulder Straps (Blue) 6 Months Warranty,4.1 out of 5 stars,Bennett™ Mystic Formal Business Briefcase Bag Crossbody Messenger College Bags For Men Women MacBook INoteBook ITablet Laptop Upto 15.6 Inch | Handbags with Shoulder Straps (Blue) 6 Months Warranty,"4,859",512
175,"INOVERA Faux Leather Women Handbags Shoulder Hobo Bag Purse With Long Strap, 32L x 13B x 30H cm",4.1 out of 5 stars,"INOVERA Faux Leather Women Handbags Shoulder Hobo Bag Purse With Long Strap, 32L x 13B x 30H cm","6,794","1,399"
176,American Tourister 32 Ltrs Black Casual Backpack (AMT FIZZ SCH BAG 02 - BLACK),4.1 out of 5 stars,American Tourister 32 Ltrs Black Casual Backpack (AMT FIZZ SCH BAG 02 - BLACK),"(51,347)","1,299"
177,Wesley Milestone 2.0 Casual Waterproof Laptop Backpack/Office Bag/School Bag/College Bag/Business Bag/Travel Backpack (Dimensions:13x18 inches) (Compatible with 39.62cm(15.6inch laptop) 30 L (Blue & black),4.3 out of 5 stars,Wesley Milestone 2.0 Casual Waterproof Laptop Backpack/Office Bag/School Bag/College Bag/Business Bag/Travel Backpack (Dimensions:13x18 inches) (Compatible with 39.62cm(15.6inch laptop) 30 L (Blue & black),"(9,217)",565
178,Skybags Brat Black 46 Cms Casual Backpack,4.1 out of 5 stars,Skybags Brat Black 46 Cms Casual Backpack,"(3,364)",669
179,ADISA 15.6 inch Laptop Backpack Office Bag College Travel Back Pack 32 Ltrs (z-Navy Blue),3.9 out of 5 stars,ADISA 15.6 inch Laptop Backpack Office Bag College Travel Back Pack 32 Ltrs (z-Navy Blue),(461),499
180,AirCase C34- 13 Inch/ 14 Inch/15.6 Inch Premium Vegan Leather Laptop Backpack for Men & Women (Black)- 25 Ltrs,3.9 out of 5 stars,AirCase C34- 13 Inch/ 14 Inch/15.6 Inch Premium Vegan Leather Laptop Backpack for Men & Women (Black)- 25 Ltrs,(709),999
181,Wesley Spartan Unisex Travel Hiking Laptop Bag fits Upto 17.3 inch with Raincover and Internal Organiser Backpack Rucksack College Bag,4.1 out of 5 stars,Wesley Spartan Unisex Travel Hiking Laptop Bag fits Upto 17.3 inch with Raincover and Internal Organiser Backpack Rucksack College Bag,(911),798
182,"Mi Step Out 12 L Mini Backpack (Small Size, Black, Water Repellant)",4.1 out of 5 stars,"Mi Step Out 12 L Mini Backpack (Small Size, Black, Water Repellant)","(7,623)",356
183,"Safari Flash Casual Backpack, 26 ltr Water Resistant Travel Bags| Weight Polyester Bagpack for Men and Women, Spacious Shoulder Bag for College, Office, Travelling and Camping",3.9 out of 5 stars,"Safari Flash Casual Backpack, 26 ltr Water Resistant Travel Bags| Weight Polyester Bagpack for Men and Women, Spacious Shoulder Bag for College, Office, Travelling and Camping","(2,178)",699
184,Fur Jaden Brown Textured Leatherette Stylish & Spacious Weekender Duffle Bag for Travel,4.3 out of 5 stars,Fur Jaden Brown Textured Leatherette Stylish & Spacious Weekender Duffle Bag for Travel,"(5,313)",889
185,DEIN KLEIDER Men's Nylon Messenger Bag,4.0 out of 5 stars,DEIN KLEIDER Men's Nylon Messenger Bag,"(4,395)",349
186,Gear CarryOn 16L Foldable Water Resistant School Bag//Backpack/College Bag for Men/Women - Blue Black,3.7 out of 5 stars,Gear CarryOn 16L Foldable Water Resistant School Bag//Backpack/College Bag for Men/Women - Blue Black,"(5,920)",249
187,"Safari Spartan 21 Ltrs Water Resistant Backpack - Blue, S (SPARTAN19CBBLU)",3.8 out of 5 stars,"Safari Spartan 21 Ltrs Water Resistant Backpack - Blue, S (SPARTAN19CBBLU)",(627),599
188,ADISA Light Weight Laptop Backpack 32 Ltrs,4.0 out of 5 stars,ADISA Light Weight Laptop Backpack 32 Ltrs,"(5,545)",499
189,Half Moon Large 37L Laptop Bag Backpack for menं Women Boys and Girls Luggage Travel Bags with 17.3 inches Laptop Compartment & Rain Cover,3.9 out of 5 stars,Half Moon Large 37L Laptop Bag Backpack for menं Women Boys and Girls Luggage Travel Bags with 17.3 inches Laptop Compartment & Rain Cover,"(2,123)",849
190,Bennett™ Mystic Formal Business Briefcase Bag Crossbody Messenger College Bags For Men Women MacBook INoteBook ITablet Laptop Upto 15.6 Inch | Handbags with Shoulder Straps (Blue) 6 Months Warranty,4.1 out of 5 stars,Bennett™ Mystic Formal Business Briefcase Bag Crossbody Messenger College Bags For Men Women MacBook INoteBook ITablet Laptop Upto 15.6 Inch | Handbags with Shoulder Straps (Blue) 6 Months Warranty,"(4,859)",512
191,"INOVERA Faux Leather Women Handbags Shoulder Hobo Bag Purse With Long Strap, 32L x 13B x 30H cm",4.1 out of 5 stars,"INOVERA Faux Leather Women Handbags Shoulder Hobo Bag Purse With Long Strap, 32L x 13B x 30H cm","(6,794)","1,399"
192,American Tourister 32 Ltrs Black Casual Backpack (AMT FIZZ SCH BAG 02 - BLACK),4.1 out of 5 stars,American Tourister 32 Ltrs Black Casual Backpack (AMT FIZZ SCH BAG 02 - BLACK),"(51,347)","1,299"
193,Wesley Milestone 2.0 Casual Waterproof Laptop Backpack/Office Bag/School Bag/College Bag/Business Bag/Travel Backpack (Dimensions:13x18 inches) (Compatible with 39.62cm(15.6inch laptop) 30 L (Blue & black),4.3 out of 5 stars,Wesley Milestone 2.0 Casual Waterproof Laptop Backpack/Office Bag/School Bag/College Bag/Business Bag/Travel Backpack (Dimensions:13x18 inches) (Compatible with 39.62cm(15.6inch laptop) 30 L (Blue & black),"(9,217)",565
194,Skybags Brat Black 46 Cms Casual Backpack,4.1 out of 5 stars,Skybags Brat Black 46 Cms Casual Backpack,"(3,364)",669
195,ADISA 15.6 inch Laptop Backpack Office Bag College Travel Back Pack 32 Ltrs (z-Navy Blue),3.9 out of 5 stars,ADISA 15.6 inch Laptop Backpack Office Bag College Travel Back Pack 32 Ltrs (z-Navy Blue),(461),499
196,AirCase C34- 13 Inch/ 14 Inch/15.6 Inch Premium Vegan Leather Laptop Backpack for Men & Women (Black)- 25 Ltrs,3.9 out of 5 stars,AirCase C34- 13 Inch/ 14 Inch/15.6 Inch Premium Vegan Leather Laptop Backpack for Men & Women (Black)- 25 Ltrs,(709),999
197,Wesley Spartan Unisex Travel Hiking Laptop Bag fits Upto 17.3 inch with Raincover and Internal Organiser Backpack Rucksack College Bag,4.1 out of 5 stars,Wesley Spartan Unisex Travel Hiking Laptop Bag fits Upto 17.3 inch with Raincover and Internal Organiser Backpack Rucksack College Bag,(911),798
198,"Mi Step Out 12 L Mini Backpack (Small Size, Black, Water Repellant)",4.1 out of 5 stars,"Mi Step Out 12 L Mini Backpack (Small Size, Black, Water Repellant)","(7,623)",356
199,"Safari Flash Casual Backpack, 26 ltr Water Resistant Travel Bags| Weight Polyester Bagpack for Men and Women, Spacious Shoulder Bag for College, Office, Travelling and Camping",3.9 out of 5 stars,"Safari Flash Casual Backpack, 26 ltr Water Resistant Travel Bags| Weight Polyester Bagpack for Men and Women, Spacious Shoulder Bag for College, Office, Travelling and Camping","(2,178)",699
200,Fur Jaden Brown Textured Leatherette Stylish & Spacious Weekender Duffle Bag for Travel,4.3 out of 5 stars,Fur Jaden Brown Textured Leatherette Stylish & Spacious Weekender Duffle Bag for Travel,"(5,313)",889
201,DEIN KLEIDER Men's Nylon Messenger Bag,4.0 out of 5 stars,DEIN KLEIDER Men's Nylon Messenger Bag,"(4,395)",349
202,Gear CarryOn 16L Foldable Water Resistant School Bag//Backpack/College Bag for Men/Women - Blue Black,3.7 out of 5 stars,Gear CarryOn 16L Foldable Water Resistant School Bag//Backpack/College Bag for Men/Women - Blue Black,"(5,920)",249
203,"Safari Spartan 21 Ltrs Water Resistant Backpack - Blue, S (SPARTAN19CBBLU)",3.8 out of 5 stars,"Safari Spartan 21 Ltrs Water Resistant Backpack - Blue, S (SPARTAN19CBBLU)",(627),599
204,ADISA Light Weight Laptop Backpack 32 Ltrs,4.0 out of 5 stars,ADISA Light Weight Laptop Backpack 32 Ltrs,"(5,545)",499
205,Half Moon Large 37L Laptop Bag Backpack for menं Women Boys and Girls Luggage Travel Bags with 17.3 inches Laptop Compartment & Rain Cover,3.9 out of 5 stars,Half Moon Large 37L Laptop Bag Backpack for menं Women Boys and Girls Luggage Travel Bags with 17.3 inches Laptop Compartment & Rain Cover,"(2,123)",849
206,Bennett™ Mystic Formal Business Briefcase Bag Crossbody Messenger College Bags For Men Women MacBook INoteBook ITablet Laptop Upto 15.6 Inch | Handbags with Shoulder Straps (Blue) 6 Months Warranty,4.1 out of 5 stars,Bennett™ Mystic Formal Business Briefcase Bag Crossbody Messenger College Bags For Men Women MacBook INoteBook ITablet Laptop Upto 15.6 Inch | Handbags with Shoulder Straps (Blue) 6 Months Warranty,"(4,859)",512
207,"INOVERA Faux Leather Women Handbags Shoulder Hobo Bag Purse With Long Strap, 32L x 13B x 30H cm",4.1 out of 5 stars,"INOVERA Faux Leather Women Handbags Shoulder Hobo Bag Purse With Long Strap, 32L x 13B x 30H cm","(6,794)","1,399"
208,American Tourister 32 Ltrs Black Casual Backpack (AMT FIZZ SCH BAG 02 - BLACK),4.1 out of 5 stars,American Tourister 32 Ltrs Black Casual Backpack (AMT FIZZ SCH BAG 02 - BLACK),"51,347","1,299"
209,Wesley Milestone 2.0 Casual Waterproof Laptop Backpack/Office Bag/School Bag/College Bag/Business Bag/Travel Backpack (Dimensions:13x18 inches) (Compatible with 39.62cm(15.6inch laptop) 30 L (Blue & black),4.3 out of 5 stars,Wesley Milestone 2.0 Casual Waterproof Laptop Backpack/Office Bag/School Bag/College Bag/Business Bag/Travel Backpack (Dimensions:13x18 inches) (Compatible with 39.62cm(15.6inch laptop) 30 L (Blue & black),"9,217",565
210,Skybags Brat Black 46 Cms Casual Backpack,4.1 out of 5 stars,Skybags Brat Black 46 Cms Casual Backpack,"3,364",669
211,ADISA 15.6 inch Laptop Backpack Office Bag College Travel Back Pack 32 Ltrs (z-Navy Blue),3.9 out of 5 stars,ADISA 15.6 inch Laptop Backpack Office Bag College Travel Back Pack 32 Ltrs (z-Navy Blue),461,499
212,AirCase C34- 13 Inch/ 14 Inch/15.6 Inch Premium Vegan Leather Laptop Backpack for Men & Women (Black)- 25 Ltrs,3.9 out of 5 stars,AirCase C34- 13 Inch/ 14 Inch/15.6 Inch Premium Vegan Leather Laptop Backpack for Men & Women (Black)- 25 Ltrs,709,999
213,Wesley Spartan Unisex Travel Hiking Laptop Bag fits Upto 17.3 inch with Raincover and Internal Organiser Backpack Rucksack College Bag,4.1 out of 5 stars,Wesley Spartan Unisex Travel Hiking Laptop Bag fits Upto 17.3 inch with Raincover and Internal Organiser Backpack Rucksack College Bag,911,798
214,"Mi Step Out 12 L Mini Backpack (Small Size, Black, Water Repellant)",4.1 out of 5 stars,"Mi Step Out 12 L Mini Backpack (Small Size, Black, Water Repellant)","7,623",356
215,"Safari Flash Casual Backpack, 26 ltr Water Resistant Travel Bags| Weight Polyester Bagpack for Men and Women, Spacious Shoulder Bag for College, Office, Travelling and Camping",3.9 out of 5 stars,"Safari Flash Casual Backpack, 26 ltr Water Resistant Travel Bags| Weight Polyester Bagpack for Men and Women, Spacious Shoulder Bag for College, Office, Travelling and Camping","2,178",699
216,Fur Jaden Brown Textured Leatherette Stylish & Spacious Weekender Duffle Bag for Travel,4.3 out of 5 stars,Fur Jaden Brown Textured Leatherette Stylish & Spacious Weekender Duffle Bag for Travel,"5,313",889
217,DEIN KLEIDER Men's Nylon Messenger Bag,4.0 out of 5 stars,DEIN KLEIDER Men's Nylon Messenger Bag,"4,395",349
218,Gear CarryOn 16L Foldable Water Resistant School Bag//Backpack/College Bag for Men/Women - Blue Black,3.7 out of 5 stars,Gear CarryOn 16L Foldable Water Resistant School Bag//Backpack/College Bag for Men/Women - Blue Black,"5,920",249
219,"Safari Spartan 21 Ltrs Water Resistant Backpack - Blue, S (SPARTAN19CBBLU)",3.8 out of 5 stars,"Safari Spartan 21 Ltrs Water Resistant Backpack - Blue, S (SPARTAN19CBBLU)",627,599
220,ADISA Light Weight Laptop Backpack 32 Ltrs,4.0 out of 5 stars,ADISA Light Weight Laptop Backpack 32 Ltrs,"5,545",499
221,Half Moon Large 37L Laptop Bag Backpack for menं Women Boys and Girls Luggage Travel Bags with 17.3 inches Laptop Compartment & Rain Cover,3.9 out of 5 stars,Half Moon Large 37L Laptop Bag Backpack for menं Women Boys and Girls Luggage Travel Bags with 17.3 inches Laptop Compartment & Rain Cover,"2,123",849
222,Bennett™ Mystic Formal Business Briefcase Bag Crossbody Messenger College Bags For Men Women MacBook INoteBook ITablet Laptop Upto 15.6 Inch | Handbags with Shoulder Straps (Blue) 6 Months Warranty,4.1 out of 5 stars,Bennett™ Mystic Formal Business Briefcase Bag Crossbody Messenger College Bags For Men Women MacBook INoteBook ITablet Laptop Upto 15.6 Inch | Handbags with Shoulder Straps (Blue) 6 Months Warranty,"4,859",512
223,"INOVERA Faux Leather Women Handbags Shoulder Hobo Bag Purse With Long Strap, 32L x 13B x 30H cm",4.1 out of 5 stars,"INOVERA Faux Leather Women Handbags Shoulder Hobo Bag Purse With Long Strap, 32L x 13B x 30H cm","6,794","1,399"
224,"URBAN TRIBE Havana 15.6"" inch Laptop Backpack for Men and Women | 27L Office/Work/Casual Bag | Water Repellent | Black",3.9 out of 5 stars,"URBAN TRIBE Havana 15.6"" inch Laptop Backpack for Men and Women | 27L Office/Work/Casual Bag | Water Repellent | Black",684,998
225,Red Lemon Swisslook Polyester Bange Series 45L 15.6-inch Laptop Bags Backpack for Men and Women Waterproof USB Anti Theft Travel Backpack,4.3 out of 5 stars,Red Lemon Swisslook Polyester Bange Series 45L 15.6-inch Laptop Bags Backpack for Men and Women Waterproof USB Anti Theft Travel Backpack,"1,253","2,849"
226,American Tourister 32 Ltrs Black Casual Backpack (AMT FIZZ SCH BAG 02 - BLACK),4.1 out of 5 stars,American Tourister 32 Ltrs Black Casual Backpack (AMT FIZZ SCH BAG 02 - BLACK),"51,347","1,299"
227,Wesley Milestone 2.0 Casual Waterproof Laptop Backpack/Office Bag/School Bag/College Bag/Business Bag/Travel Backpack (Dimensions:13x18 inches) (Compatible with 39.62cm(15.6inch laptop) 30 L (Blue & black),4.3 out of 5 stars,Wesley Milestone 2.0 Casual Waterproof Laptop Backpack/Office Bag/School Bag/College Bag/Business Bag/Travel Backpack (Dimensions:13x18 inches) (Compatible with 39.62cm(15.6inch laptop) 30 L (Blue & black),"9,217",565
228,Skybags Brat Black 46 Cms Casual Backpack,4.1 out of 5 stars,Skybags Brat Black 46 Cms Casual Backpack,"3,364",669
229,ADISA 15.6 inch Laptop Backpack Office Bag College Travel Back Pack 32 Ltrs (z-Navy Blue),3.9 out of 5 stars,ADISA 15.6 inch Laptop Backpack Office Bag College Travel Back Pack 32 Ltrs (z-Navy Blue),461,499
230,AirCase C34- 13 Inch/ 14 Inch/15.6 Inch Premium Vegan Leather Laptop Backpack for Men & Women (Black)- 25 Ltrs,3.9 out of 5 stars,AirCase C34- 13 Inch/ 14 Inch/15.6 Inch Premium Vegan Leather Laptop Backpack for Men & Women (Black)- 25 Ltrs,709,999
231,Wesley Spartan Unisex Travel Hiking Laptop Bag fits Upto 17.3 inch with Raincover and Internal Organiser Backpack Rucksack College Bag,4.1 out of 5 stars,Wesley Spartan Unisex Travel Hiking Laptop Bag fits Upto 17.3 inch with Raincover and Internal Organiser Backpack Rucksack College Bag,911,798
232,"Mi Step Out 12 L Mini Backpack (Small Size, Black, Water Repellant)",4.1 out of 5 stars,"Mi Step Out 12 L Mini Backpack (Small Size, Black, Water Repellant)","7,623",356
233,"Safari Flash Casual Backpack, 26 ltr Water Resistant Travel Bags| Weight Polyester Bagpack for Men and Women, Spacious Shoulder Bag for College, Office, Travelling and Camping",3.9 out of 5 stars,"Safari Flash Casual Backpack, 26 ltr Water Resistant Travel Bags| Weight Polyester Bagpack for Men and Women, Spacious Shoulder Bag for College, Office, Travelling and Camping","2,178",699
234,Red Lemon Swiss Cut Design Medium 26 L Laptop Backpack Outdoor Backpack fits 15.6 inch Multifunctional Laptop Bag Backpack for Men and Women with USB port Anti Theft Travel Backpack,4.4 out of 5 stars,Red Lemon Swiss Cut Design Medium 26 L Laptop Backpack Outdoor Backpack fits 15.6 inch Multifunctional Laptop Bag Backpack for Men and Women with USB port Anti Theft Travel Backpack,423,"1,899"
235,Red Lemon BANGE Panther Waterproof Polyester Anti-Theft Unisex Travel Laptop Backpack for Men and Women with USB Charging Port (Grey),3.4 out of 5 stars,Red Lemon BANGE Panther Waterproof Polyester Anti-Theft Unisex Travel Laptop Backpack for Men and Women with USB Charging Port (Grey),8,"4,599"
236,Fur Jaden Brown Textured Leatherette Stylish & Spacious Weekender Duffle Bag for Travel,4.3 out of 5 stars,Fur Jaden Brown Textured Leatherette Stylish & Spacious Weekender Duffle Bag for Travel,"5,313",889
237,DEIN KLEIDER Men's Nylon Messenger Bag,4.0 out of 5 stars,DEIN KLEIDER Men's Nylon Messenger Bag,"4,395",349
238,Gear CarryOn 16L Foldable Water Resistant School Bag//Backpack/College Bag for Men/Women - Blue Black,3.7 out of 5 stars,Gear CarryOn 16L Foldable Water Resistant School Bag//Backpack/College Bag for Men/Women - Blue Black,"5,920",249
239,"Safari Spartan 21 Ltrs Water Resistant Backpack - Blue, S (SPARTAN19CBBLU)",3.8 out of 5 stars,"Safari Spartan 21 Ltrs Water Resistant Backpack - Blue, S (SPARTAN19CBBLU)",627,599
240,ADISA Light Weight Laptop Backpack 32 Ltrs,4.0 out of 5 stars,ADISA Light Weight Laptop Backpack 32 Ltrs,"5,545",499
241,Half Moon Large 37L Laptop Bag Backpack for menं Women Boys and Girls Luggage Travel Bags with 17.3 inches Laptop Compartment & Rain Cover,3.9 out of 5 stars,Half Moon Large 37L Laptop Bag Backpack for menं Women Boys and Girls Luggage Travel Bags with 17.3 inches Laptop Compartment & Rain Cover,"2,123",849
242,Bennett™ Mystic Formal Business Briefcase Bag Crossbody Messenger College Bags For Men Women MacBook INoteBook ITablet Laptop Upto 15.6 Inch | Handbags with Shoulder Straps (Blue) 6 Months Warranty,4.1 out of 5 stars,Bennett™ Mystic Formal Business Briefcase Bag Crossbody Messenger College Bags For Men Women MacBook INoteBook ITablet Laptop Upto 15.6 Inch | Handbags with Shoulder Straps (Blue) 6 Months Warranty,"4,859",512
243,"INOVERA Faux Leather Women Handbags Shoulder Hobo Bag Purse With Long Strap, 32L x 13B x 30H cm",4.1 out of 5 stars,"INOVERA Faux Leather Women Handbags Shoulder Hobo Bag Purse With Long Strap, 32L x 13B x 30H cm","6,794","1,399"
244,Lunar's Bingo - 48 L Laptop Office/School/Travel/Business Backpack Water Resistant - Fits Up to 15.6 Inch Laptop Notebook with 1 Year Warranty,3.9 out of 5 stars,Lunar's Bingo - 48 L Laptop Office/School/Travel/Business Backpack Water Resistant - Fits Up to 15.6 Inch Laptop Notebook with 1 Year Warranty,"8,753",899
245,"Red Lemon BANGE Captain Business Smart Backpack Waterproof fit 15.6 Inch Laptop Backpack with USB Charging Port,Travel Durable Backpack for Men and Women",4.5 out of 5 stars,"Red Lemon BANGE Captain Business Smart Backpack Waterproof fit 15.6 Inch Laptop Backpack with USB Charging Port,Travel Durable Backpack for Men and Women",109,"3,799"
246,American Tourister 32 Ltrs Black Casual Backpack (AMT FIZZ SCH BAG 02 - BLACK),4.1 out of 5 stars,American Tourister 32 Ltrs Black Casual Backpack (AMT FIZZ SCH BAG 02 - BLACK),"(51,347)","1,299"
247,Wesley Milestone 2.0 Casual Waterproof Laptop Backpack/Office Bag/School Bag/College Bag/Business Bag/Travel Backpack (Dimensions:13x18 inches) (Compatible with 39.62cm(15.6inch laptop) 30 L (Blue & black),4.3 out of 5 stars,Wesley Milestone 2.0 Casual Waterproof Laptop Backpack/Office Bag/School Bag/College Bag/Business Bag/Travel Backpack (Dimensions:13x18 inches) (Compatible with 39.62cm(15.6inch laptop) 30 L (Blue & black),"(9,217)",565
248,Skybags Brat Black 46 Cms Casual Backpack,4.1 out of 5 stars,Skybags Brat Black 46 Cms Casual Backpack,"(3,364)",669
249,ADISA 15.6 inch Laptop Backpack Office Bag College Travel Back Pack 32 Ltrs (z-Navy Blue),3.9 out of 5 stars,ADISA 15.6 inch Laptop Backpack Office Bag College Travel Back Pack 32 Ltrs (z-Navy Blue),(461),499
250,AirCase C34- 13 Inch/ 14 Inch/15.6 Inch Premium Vegan Leather Laptop Backpack for Men & Women (Black)- 25 Ltrs,3.9 out of 5 stars,AirCase C34- 13 Inch/ 14 Inch/15.6 Inch Premium Vegan Leather Laptop Backpack for Men & Women (Black)- 25 Ltrs,(709),999
251,Wesley Spartan Unisex Travel Hiking Laptop Bag fits Upto 17.3 inch with Raincover and Internal Organiser Backpack Rucksack College Bag,4.1 out of 5 stars,Wesley Spartan Unisex Travel Hiking Laptop Bag fits Upto 17.3 inch with Raincover and Internal Organiser Backpack Rucksack College Bag,(911),798
252,"Mi Step Out 12 L Mini Backpack (Small Size, Black, Water Repellant)",4.1 out of 5 stars,"Mi Step Out 12 L Mini Backpack (Small Size, Black, Water Repellant)","(7,623)",356
253,"Safari Flash Casual Backpack, 26 ltr Water Resistant Travel Bags| Weight Polyester Bagpack for Men and Women, Spacious Shoulder Bag for College, Office, Travelling and Camping",3.9 out of 5 stars,"Safari Flash Casual Backpack, 26 ltr Water Resistant Travel Bags| Weight Polyester Bagpack for Men and Women, Spacious Shoulder Bag for College, Office, Travelling and Camping","(2,178)",699
254,Fur Jaden Brown Textured Leatherette Stylish & Spacious Weekender Duffle Bag for Travel,4.3 out of 5 stars,Fur Jaden Brown Textured Leatherette Stylish & Spacious Weekender Duffle Bag for Travel,"(5,313)",889
255,DEIN KLEIDER Men's Nylon Messenger Bag,4.0 out of 5 stars,DEIN KLEIDER Men's Nylon Messenger Bag,"(4,395)",349
256,Gear CarryOn 16L Foldable Water Resistant School Bag//Backpack/College Bag for Men/Women - Blue Black,3.7 out of 5 stars,Gear CarryOn 16L Foldable Water Resistant School Bag//Backpack/College Bag for Men/Women - Blue Black,"(5,920)",249
257,"Safari Spartan 21 Ltrs Water Resistant Backpack - Blue, S (SPARTAN19CBBLU)",3.8 out of 5 stars,"Safari Spartan 21 Ltrs Water Resistant Backpack - Blue, S (SPARTAN19CBBLU)",(627),599
258,ADISA Light Weight Laptop Backpack 32 Ltrs,4.0 out of 5 stars,ADISA Light Weight Laptop Backpack 32 Ltrs,"(5,545)",499
259,Half Moon Large 37L Laptop Bag Backpack for menं Women Boys and Girls Luggage Travel Bags with 17.3 inches Laptop Compartment & Rain Cover,3.9 out of 5 stars,Half Moon Large 37L Laptop Bag Backpack for menं Women Boys and Girls Luggage Travel Bags with 17.3 inches Laptop Compartment & Rain Cover,"(2,123)",849
260,Bennett™ Mystic Formal Business Briefcase Bag Crossbody Messenger College Bags For Men Women MacBook INoteBook ITablet Laptop Upto 15.6 Inch | Handbags with Shoulder Straps (Blue) 6 Months Warranty,4.1 out of 5 stars,Bennett™ Mystic Formal Business Briefcase Bag Crossbody Messenger College Bags For Men Women MacBook INoteBook ITablet Laptop Upto 15.6 Inch | Handbags with Shoulder Straps (Blue) 6 Months Warranty,"(4,859)",512
261,"INOVERA Faux Leather Women Handbags Shoulder Hobo Bag Purse With Long Strap, 32L x 13B x 30H cm",4.1 out of 5 stars,"INOVERA Faux Leather Women Handbags Shoulder Hobo Bag Purse With Long Strap, 32L x 13B x 30H cm","(6,794)","1,399"
262,American Tourister 32 Ltrs Black Casual Backpack (AMT FIZZ SCH BAG 02 - BLACK),4.1 out of 5 stars,American Tourister 32 Ltrs Black Casual Backpack (AMT FIZZ SCH BAG 02 - BLACK),"51,347","1,299"
263,Wesley Milestone 2.0 Casual Waterproof Laptop Backpack/Office Bag/School Bag/College Bag/Business Bag/Travel Backpack (Dimensions:13x18 inches) (Compatible with 39.62cm(15.6inch laptop) 30 L (Blue & black),4.3 out of 5 stars,Wesley Milestone 2.0 Casual Waterproof Laptop Backpack/Office Bag/School Bag/College Bag/Business Bag/Travel Backpack (Dimensions:13x18 inches) (Compatible with 39.62cm(15.6inch laptop) 30 L (Blue & black),"9,217",565
264,Skybags Brat Black 46 Cms Casual Backpack,4.1 out of 5 stars,Skybags Brat Black 46 Cms Casual Backpack,"3,364",669
265,ADISA 15.6 inch Laptop Backpack Office Bag College Travel Back Pack 32 Ltrs (z-Navy Blue),3.9 out of 5 stars,ADISA 15.6 inch Laptop Backpack Office Bag College Travel Back Pack 32 Ltrs (z-Navy Blue),461,499
266,AirCase C34- 13 Inch/ 14 Inch/15.6 Inch Premium Vegan Leather Laptop Backpack for Men & Women (Black)- 25 Ltrs,3.9 out of 5 stars,AirCase C34- 13 Inch/ 14 Inch/15.6 Inch Premium Vegan Leather Laptop Backpack for Men & Women (Black)- 25 Ltrs,709,999
267,"Mi Step Out 12 L Mini Backpack (Small Size, Black, Water Repellant)",4.1 out of 5 stars,"Mi Step Out 12 L Mini Backpack (Small Size, Black, Water Repellant)","7,623",356
268,"Safari Flash Casual Backpack, 26 ltr Water Resistant Travel Bags| Weight Polyester Bagpack for Men and Women, Spacious Shoulder Bag for College, Office, Travelling and Camping",3.9 out of 5 stars,"Safari Flash Casual Backpack, 26 ltr Water Resistant Travel Bags| Weight Polyester Bagpack for Men and Women, Spacious Shoulder Bag for College, Office, Travelling and Camping","2,178",699
269,Wesley Spartan Unisex Travel Hiking Laptop Bag fits Upto 17.3 inch with Raincover and Internal Organiser Backpack Rucksack College Bag,4.1 out of 5 stars,Wesley Spartan Unisex Travel Hiking Laptop Bag fits Upto 17.3 inch with Raincover and Internal Organiser Backpack Rucksack College Bag,911,798
270,Fur Jaden Brown Textured Leatherette Stylish & Spacious Weekender Duffle Bag for Travel,4.3 out of 5 stars,Fur Jaden Brown Textured Leatherette Stylish & Spacious Weekender Duffle Bag for Travel,"5,313",889
271,DEIN KLEIDER Men's Nylon Messenger Bag,4.0 out of 5 stars,DEIN KLEIDER Men's Nylon Messenger Bag,"4,395",349
272,Gear CarryOn 16L Foldable Water Resistant School Bag//Backpack/College Bag for Men/Women - Blue Black,3.7 out of 5 stars,Gear CarryOn 16L Foldable Water Resistant School Bag//Backpack/College Bag for Men/Women - Blue Black,"5,920",249
273,"Safari Spartan 21 Ltrs Water Resistant Backpack - Blue, S (SPARTAN19CBBLU)",3.8 out of 5 stars,"Safari Spartan 21 Ltrs Water Resistant Backpack - Blue, S (SPARTAN19CBBLU)",627,599
274,Half Moon Large 37L Laptop Bag Backpack for menं Women Boys and Girls Luggage Travel Bags with 17.3 inches Laptop Compartment & Rain Cover,3.9 out of 5 stars,Half Moon Large 37L Laptop Bag Backpack for menं Women Boys and Girls Luggage Travel Bags with 17.3 inches Laptop Compartment & Rain Cover,"2,123",849
275,ADISA Light Weight Laptop Backpack 32 Ltrs,4.0 out of 5 stars,ADISA Light Weight Laptop Backpack 32 Ltrs,"5,545",499
276,ADISA Laptop Backpack 31 Ltrs,4.0 out of 5 stars,ADISA Laptop Backpack 31 Ltrs,"8,989",499
277,"Wesley Unisex Milestone Casual Waterproof Laptop Office School College Business Travel Backpack 25 L (Dimensions: 12.5x18 inches) (Compatible with 15.6 inch laptops), Navy Blue",4.3 out of 5 stars,"Wesley Unisex Milestone Casual Waterproof Laptop Office School College Business Travel Backpack 25 L (Dimensions: 12.5x18 inches) (Compatible with 15.6 inch laptops), Navy Blue","12,103",498
278,American Tourister 32 Ltrs Black Casual Backpack (AMT FIZZ SCH BAG 02 - BLACK),4.1 out of 5 stars,American Tourister 32 Ltrs Black Casual Backpack (AMT FIZZ SCH BAG 02 - BLACK),"51,347","1,299"
279,Wesley Milestone 2.0 Casual Waterproof Laptop Backpack/Office Bag/School Bag/College Bag/Business Bag/Travel Backpack (Dimensions:13x18 inches) (Compatible with 39.62cm(15.6inch laptop) 30 L (Blue & black),4.3 out of 5 stars,Wesley Milestone 2.0 Casual Waterproof Laptop Backpack/Office Bag/School Bag/College Bag/Business Bag/Travel Backpack (Dimensions:13x18 inches) (Compatible with 39.62cm(15.6inch laptop) 30 L (Blue & black),"9,217",565
280,Skybags Brat Black 46 Cms Casual Backpack,4.1 out of 5 stars,Skybags Brat Black 46 Cms Casual Backpack,"3,364",669
281,ADISA 15.6 inch Laptop Backpack Office Bag College Travel Back Pack 32 Ltrs (z-Navy Blue),3.9 out of 5 stars,ADISA 15.6 inch Laptop Backpack Office Bag College Travel Back Pack 32 Ltrs (z-Navy Blue),461,499
282,AirCase C34- 13 Inch/ 14 Inch/15.6 Inch Premium Vegan Leather Laptop Backpack for Men & Women (Black)- 25 Ltrs,3.9 out of 5 stars,AirCase C34- 13 Inch/ 14 Inch/15.6 Inch Premium Vegan Leather Laptop Backpack for Men & Women (Black)- 25 Ltrs,709,999
283,Wesley Spartan Unisex Travel Hiking Laptop Bag fits Upto 17.3 inch with Raincover and Internal Organiser Backpack Rucksack College Bag,4.1 out of 5 stars,Wesley Spartan Unisex Travel Hiking Laptop Bag fits Upto 17.3 inch with Raincover and Internal Organiser Backpack Rucksack College Bag,911,798
284,"Mi Step Out 12 L Mini Backpack (Small Size, Black, Water Repellant)",4.1 out of 5 stars,"Mi Step Out 12 L Mini Backpack (Small Size, Black, Water Repellant)","7,623",356
285,"Safari Flash Casual Backpack, 26 ltr Water Resistant Travel Bags| Weight Polyester Bagpack for Men and Women, Spacious Shoulder Bag for College, Office, Travelling and Camping",3.9 out of 5 stars,"Safari Flash Casual Backpack, 26 ltr Water Resistant Travel Bags| Weight Polyester Bagpack for Men and Women, Spacious Shoulder Bag for College, Office, Travelling and Camping","2,178",699
286,Fur Jaden Brown Textured Leatherette Stylish & Spacious Weekender Duffle Bag for Travel,4.3 out of 5 stars,Fur Jaden Brown Textured Leatherette Stylish & Spacious Weekender Duffle Bag for Travel,"5,313",889
287,DEIN KLEIDER Men's Nylon Messenger Bag,4.0 out of 5 stars,DEIN KLEIDER Men's Nylon Messenger Bag,"4,395",349
288,Gear CarryOn 16L Foldable Water Resistant School Bag//Backpack/College Bag for Men/Women - Blue Black,3.7 out of 5 stars,Gear CarryOn 16L Foldable Water Resistant School Bag//Backpack/College Bag for Men/Women - Blue Black,"5,920",249
289,"Safari Spartan 21 Ltrs Water Resistant Backpack - Blue, S (SPARTAN19CBBLU)",3.8 out of 5 stars,"Safari Spartan 21 Ltrs Water Resistant Backpack - Blue, S (SPARTAN19CBBLU)",627,599
290,ADISA Light Weight Laptop Backpack 32 Ltrs,4.0 out of 5 stars,ADISA Light Weight Laptop Backpack 32 Ltrs,"5,545",499
291,Half Moon Large 37L Laptop Bag Backpack for menं Women Boys and Girls Luggage Travel Bags with 17.3 inches Laptop Compartment & Rain Cover,3.9 out of 5 stars,Half Moon Large 37L Laptop Bag Backpack for menं Women Boys and Girls Luggage Travel Bags with 17.3 inches Laptop Compartment & Rain Cover,"2,123",849
292,Bennett™ Mystic Formal Business Briefcase Bag Crossbody Messenger College Bags For Men Women MacBook INoteBook ITablet Laptop Upto 15.6 Inch | Handbags with Shoulder Straps (Blue) 6 Months Warranty,4.1 out of 5 stars,Bennett™ Mystic Formal Business Briefcase Bag Crossbody Messenger College Bags For Men Women MacBook INoteBook ITablet Laptop Upto 15.6 Inch | Handbags with Shoulder Straps (Blue) 6 Months Warranty,"4,859",512
293,"INOVERA Faux Leather Women Handbags Shoulder Hobo Bag Purse With Long Strap, 32L x 13B x 30H cm",4.1 out of 5 stars,"INOVERA Faux Leather Women Handbags Shoulder Hobo Bag Purse With Long Strap, 32L x 13B x 30H cm","6,794","1,399"
294,American Tourister 32 Ltrs Black Casual Backpack (AMT FIZZ SCH BAG 02 - BLACK),4.1 out of 5 stars,American Tourister 32 Ltrs Black Casual Backpack (AMT FIZZ SCH BAG 02 - BLACK),"51,347","1,299"
295,Wesley Milestone 2.0 Casual Waterproof Laptop Backpack/Office Bag/School Bag/College Bag/Business Bag/Travel Backpack (Dimensions:13x18 inches) (Compatible with 39.62cm(15.6inch laptop) 30 L (Blue & black),4.3 out of 5 stars,Wesley Milestone 2.0 Casual Waterproof Laptop Backpack/Office Bag/School Bag/College Bag/Business Bag/Travel Backpack (Dimensions:13x18 inches) (Compatible with 39.62cm(15.6inch laptop) 30 L (Blue & black),"9,217",565
296,Skybags Brat Black 46 Cms Casual Backpack,4.1 out of 5 stars,Skybags Brat Black 46 Cms Casual Backpack,"3,364",669
297,ADISA 15.6 inch Laptop Backpack Office Bag College Travel Back Pack 32 Ltrs (z-Navy Blue),3.9 out of 5 stars,ADISA 15.6 inch Laptop Backpack Office Bag College Travel Back Pack 32 Ltrs (z-Navy Blue),461,499
298,AirCase C34- 13 Inch/ 14 Inch/15.6 Inch Premium Vegan Leather Laptop Backpack for Men & Women (Black)- 25 Ltrs,3.9 out of 5 stars,AirCase C34- 13 Inch/ 14 Inch/15.6 Inch Premium Vegan Leather Laptop Backpack for Men & Women (Black)- 25 Ltrs,709,999
299,Wesley Spartan Unisex Travel Hiking Laptop Bag fits Upto 17.3 inch with Raincover and Internal Organiser Backpack Rucksack College Bag,4.1 out of 5 stars,Wesley Spartan Unisex Travel Hiking Laptop Bag fits Upto 17.3 inch with Raincover and Internal Organiser Backpack Rucksack College Bag,911,798
300,"Mi Step Out 12 L Mini Backpack (Small Size, Black, Water Repellant)",4.1 out of 5 stars,"Mi Step Out 12 L Mini Backpack (Small Size, Black, Water Repellant)","7,623",356
301,"Safari Flash Casual Backpack, 26 ltr Water Resistant Travel Bags| Weight Polyester Bagpack for Men and Women, Spacious Shoulder Bag for College, Office, Travelling and Camping",3.9 out of 5 stars,"Safari Flash Casual Backpack, 26 ltr Water Resistant Travel Bags| Weight Polyester Bagpack for Men and Women, Spacious Shoulder Bag for College, Office, Travelling and Camping","2,178",699
302,Fur Jaden Brown Textured Leatherette Stylish & Spacious Weekender Duffle Bag for Travel,4.3 out of 5 stars,Fur Jaden Brown Textured Leatherette Stylish & Spacious Weekender Duffle Bag for Travel,"5,313",889
303,DEIN KLEIDER Men's Nylon Messenger Bag,4.0 out of 5 stars,DEIN KLEIDER Men's Nylon Messenger Bag,"4,395",349
304,Gear CarryOn 16L Foldable Water Resistant School Bag//Backpack/College Bag for Men/Women - Blue Black,3.7 out of 5 stars,Gear CarryOn 16L Foldable Water Resistant School Bag//Backpack/College Bag for Men/Women - Blue Black,"5,920",249
305,"Safari Spartan 21 Ltrs Water Resistant Backpack - Blue, S (SPARTAN19CBBLU)",3.8 out of 5 stars,"Safari Spartan 21 Ltrs Water Resistant Backpack - Blue, S (SPARTAN19CBBLU)",627,599
306,ADISA Light Weight Laptop Backpack 32 Ltrs,4.0 out of 5 stars,ADISA Light Weight Laptop Backpack 32 Ltrs,"5,545",499
307,Half Moon Large 37L Laptop Bag Backpack for menं Women Boys and Girls Luggage Travel Bags with 17.3 inches Laptop Compartment & Rain Cover,3.9 out of 5 stars,Half Moon Large 37L Laptop Bag Backpack for menं Women Boys and Girls Luggage Travel Bags with 17.3 inches Laptop Compartment & Rain Cover,"2,123",849
308,Bennett™ Mystic Formal Business Briefcase Bag Crossbody Messenger College Bags For Men Women MacBook INoteBook ITablet Laptop Upto 15.6 Inch | Handbags with Shoulder Straps (Blue) 6 Months Warranty,4.1 out of 5 stars,Bennett™ Mystic Formal Business Briefcase Bag Crossbody Messenger College Bags For Men Women MacBook INoteBook ITablet Laptop Upto 15.6 Inch | Handbags with Shoulder Straps (Blue) 6 Months Warranty,"4,859",512
309,"INOVERA Faux Leather Women Handbags Shoulder Hobo Bag Purse With Long Strap, 32L x 13B x 30H cm",4.1 out of 5 stars,"INOVERA Faux Leather Women Handbags Shoulder Hobo Bag Purse With Long Strap, 32L x 13B x 30H cm","6,794","1,399"
310,American Tourister 32 Ltrs Black Casual Backpack (AMT FIZZ SCH BAG 02 - BLACK),4.1 out of 5 stars,American Tourister 32 Ltrs Black Casual Backpack (AMT FIZZ SCH BAG 02 - BLACK),"(51,347)","1,299"
311,Wesley Milestone 2.0 Casual Waterproof Laptop Backpack/Office Bag/School Bag/College Bag/Business Bag/Travel Backpack (Dimensions:13x18 inches) (Compatible with 39.62cm(15.6inch laptop) 30 L (Blue & black),4.3 out of 5 stars,Wesley Milestone 2.0 Casual Waterproof Laptop Backpack/Office Bag/School Bag/College Bag/Business Bag/Travel Backpack (Dimensions:13x18 inches) (Compatible with 39.62cm(15.6inch laptop) 30 L (Blue & black),"(9,217)",565
312,Skybags Brat Black 46 Cms Casual Backpack,4.1 out of 5 stars,Skybags Brat Black 46 Cms Casual Backpack,"(3,364)",669
313,ADISA 15.6 inch Laptop Backpack Office Bag College Travel Back Pack 32 Ltrs (z-Navy Blue),3.9 out of 5 stars,ADISA 15.6 inch Laptop Backpack Office Bag College Travel Back Pack 32 Ltrs (z-Navy Blue),(461),499
314,AirCase C34- 13 Inch/ 14 Inch/15.6 Inch Premium Vegan Leather Laptop Backpack for Men & Women (Black)- 25 Ltrs,3.9 out of 5 stars,AirCase C34- 13 Inch/ 14 Inch/15.6 Inch Premium Vegan Leather Laptop Backpack for Men & Women (Black)- 25 Ltrs,(709),999
315,Wesley Spartan Unisex Travel Hiking Laptop Bag fits Upto 17.3 inch with Raincover and Internal Organiser Backpack Rucksack College Bag,4.1 out of 5 stars,Wesley Spartan Unisex Travel Hiking Laptop Bag fits Upto 17.3 inch with Raincover and Internal Organiser Backpack Rucksack College Bag,(911),798
316,"Mi Step Out 12 L Mini Backpack (Small Size, Black, Water Repellant)",4.1 out of 5 stars,"Mi Step Out 12 L Mini Backpack (Small Size, Black, Water Repellant)","(7,623)",356
317,"Safari Flash Casual Backpack, 26 ltr Water Resistant Travel Bags| Weight Polyester Bagpack for Men and Women, Spacious Shoulder Bag for College, Office, Travelling and Camping",3.9 out of 5 stars,"Safari Flash Casual Backpack, 26 ltr Water Resistant Travel Bags| Weight Polyester Bagpack for Men and Women, Spacious Shoulder Bag for College, Office, Travelling and Camping","(2,178)",699
318,Fur Jaden Brown Textured Leatherette Stylish & Spacious Weekender Duffle Bag for Travel,4.3 out of 5 stars,Fur Jaden Brown Textured Leatherette Stylish & Spacious Weekender Duffle Bag for Travel,"(5,313)",889
319,DEIN KLEIDER Men's Nylon Messenger Bag,4.0 out of 5 stars,DEIN KLEIDER Men's Nylon Messenger Bag,"(4,395)",349
320,Gear CarryOn 16L Foldable Water Resistant School Bag//Backpack/College Bag for Men/Women - Blue Black,3.7 out of 5 stars,Gear CarryOn 16L Foldable Water Resistant School Bag//Backpack/College Bag for Men/Women - Blue Black,"(5,920)",249
321,"Safari Spartan 21 Ltrs Water Resistant Backpack - Blue, S (SPARTAN19CBBLU)",3.8 out of 5 stars,"Safari Spartan 21 Ltrs Water Resistant Backpack - Blue, S (SPARTAN19CBBLU)",(627),599
322,ADISA Light Weight Laptop Backpack 32 Ltrs,4.0 out of 5 stars,ADISA Light Weight Laptop Backpack 32 Ltrs,"(5,545)",499
323,Half Moon Large 37L Laptop Bag Backpack for menं Women Boys and Girls Luggage Travel Bags with 17.3 inches Laptop Compartment & Rain Cover,3.9 out of 5 stars,Half Moon Large 37L Laptop Bag Backpack for menं Women Boys and Girls Luggage Travel Bags with 17.3 inches Laptop Compartment & Rain Cover,"(2,123)",849
324,Bennett™ Mystic Formal Business Briefcase Bag Crossbody Messenger College Bags For Men Women MacBook INoteBook ITablet Laptop Upto 15.6 Inch | Handbags with Shoulder Straps (Blue) 6 Months Warranty,4.1 out of 5 stars,Bennett™ Mystic Formal Business Briefcase Bag Crossbody Messenger College Bags For Men Women MacBook INoteBook ITablet Laptop Upto 15.6 Inch | Handbags with Shoulder Straps (Blue) 6 Months Warranty,"(4,859)",512
325,"INOVERA Faux Leather Women Handbags Shoulder Hobo Bag Purse With Long Strap, 32L x 13B x 30H cm",4.1 out of 5 stars,"INOVERA Faux Leather Women Handbags Shoulder Hobo Bag Purse With Long Strap, 32L x 13B x 30H cm","(6,794)","1,399"
